{"stats":{"minecraft:dropped":{"minecraft:bread":6,"boh:kindness_flower":1,"gnumus:overripe_carrot":4,"minecraft:diamond_leggings":1,"minecraft:purpur_slab":4,"minecraft:iron_helmet":3,"minecraft:cobblestone":9,"minecraft:spruce_stairs":1,"minecraft:stick":5,"minecraft:dirt":2,"alexsmobs:roadrunner_feather":1,"minecraft:torch":1,"minecraft:rose_bush":1,"minecraft:jungle_door":1,"minecraft:diamond_helmet":1,"minecraft:iron_leggings":1,"born_in_chaos_v1:lifestealer_bone":4,"gravestone:obituary":32,"minecraft:gold_nugget":13,"minecraft:sunflower":2,"minecraft:black_concrete":2,"minecraft:string":16,"minecraft:birch_log":1,"minecraft:bone":7,"minecraft:pink_concrete":5,"minecraft:bricks":30,"minecraft:stone_axe":1,"alexsmobs:maggot":1,"minecraft:sugar_cane":1,"alexsmobs:animal_dictionary":1,"minecraft:birch_sapling":1,"minecraft:wheat":24,"born_in_chaos_v1:rotten_fish":6,"minecraft:rotten_flesh":32,"minecraft:iron_boots":1,"minecraft:shield":1,"born_in_chaos_v1:seedof_chaos":4,"minecraft:gunpowder":4,"minecraft:iron_chestplate":3,"born_in_chaos_v1:corpse_maggot":5,"minecraft:spruce_slab":3,"minecraft:sandstone":4,"minecraft:stripped_crimson_hyphae":2,"minecraft:bow":1,"minecraft:stone_pickaxe":1,"minecraft:wooden_pickaxe":1},"minecraft:custom":{"minecraft:interact_with_smithing_table":1,"minecraft:mob_kills":108,"minecraft:inspect_hopper":4,"minecraft:interact_with_crafting_table":17,"minecraft:open_barrel":41,"minecraft:damage_dealt_resisted":208,"minecraft:leave_game":6,"minecraft:time_since_death":9660,"minecraft:climb_one_cm":40820,"minecraft:sprint_one_cm":402202,"minecraft:walk_one_cm":548467,"minecraft:damage_blocked_by_shield":1807,"minecraft:drop":110,"minecraft:play_noteblock":3,"minecraft:talked_to_villager":9,"minecraft:play_time":189960,"minecraft:sneak_time":23977,"minecraft:deaths":24,"minecraft:walk_under_water_one_cm":8261,"minecraft:jump":3034,"minecraft:interact_with_blast_furnace":1,"minecraft:walk_on_water_one_cm":29425,"minecraft:total_world_time":189960,"minecraft:interact_with_furnace":12,"minecraft:play_record":1,"minecraft:traded_with_villager":2,"minecraft:tune_noteblock":134,"minecraft:interact_with_stonecutter":1,"minecraft:sleep_in_bed":12,"minecraft:time_since_rest":9690,"minecraft:damage_taken":14020,"minecraft:damage_dealt":21084,"minecraft:swim_one_cm":24783,"minecraft:fly_one_cm":519538,"minecraft:player_kills":1,"minecraft:open_chest":163,"minecraft:crouch_one_cm":84543,"minecraft:interact_with_smoker":5,"minecraft:fall_one_cm":110045,"minecraft:inspect_dispenser":6},"minecraft:mined":{"minecraft:spruce_planks":1,"minecraft:yellow_wall_banner":1,"farmersdelight:rich_soil":2,"minecraft:mossy_cobblestone":35,"minecraft:carved_pumpkin":1,"gravestone:gravestone":18,"minecraft:red_sand":4,"minecraft:stripped_crimson_hyphae":2,"minecraft:acacia_log":1,"minecraft:grass_block":1,"minecraft:jungle_planks":1,"minecraft:light_gray_bed":6,"minecraft:coal_block":4,"minecraft:purpur_slab":2,"minecraft:hopper":1,"minecraft:sandstone":4,"minecraft:spawner":19,"minecraft:carrots":16,"minecraft:pink_concrete":6,"minecraft:black_concrete":2,"minecraft:brown_bed":3,"minecraft:potatoes":30,"minecraft:dirt_path":5,"minecraft:light_gray_concrete":1,"minecraft:stone":17,"minecraft:spruce_slab":1,"minecraft:tripwire":3,"minecraft:jungle_button":1,"minecraft:oak_slab":2,"minecraft:scaffolding":1,"minecraft:powder_snow":6,"minecraft:chiseled_quartz_block":1,"boh:kindness_flower":1,"minecraft:crafting_table":3,"minecraft:torch":1,"minecraft:note_block":3,"minecraft:rose_bush":1,"minecraft:dead_bush":2,"minecraft:red_concrete":2,"minecraft:oak_planks":2,"minecraft:bricks":50,"minecraft:wall_torch":2,"minecraft:seagrass":1,"minecraft:cactus":1,"minecraft:wheat":26,"minecraft:birch_leaves":8,"minecraft:grass":5,"minecraft:coal_ore":15,"minecraft:oak_log":10,"minecraft:cyan_carpet":1,"minecraft:beetroots":1,"minecraft:smooth_quartz":13,"minecraft:dirt":3,"minecraft:sunflower":2,"minecraft:sand":1,"minecraft:cobweb":6,"minecraft:terracotta":1,"minecraft:yellow_stained_glass":2,"minecraft:oak_leaves":1,"minecraft:birch_fence":2},"minecraft:killed":{"undead_revamp2:thewolf":2,"alexsmobs:hummingbird":1,"undead_revamp2:theimmortal":1,"born_in_chaos_v1:zombie_lumberjack":1,"undead_revamp2:axestrom":1,"enemyexpansion:direwolf":2,"alexsmobs:rattlesnake":1,"born_in_chaos_v1:zombie_bruiser":1,"born_in_chaos_v1:maggot":3,"minecraft:phantom":1,"minecraft:skeleton":43,"alexsmobs:leafcutter_ant":1,"arphex:spider_lurker":1,"gnumus:gnumus_hunter":1,"born_in_chaos_v1:corpse_fish":6,"minecraft:drowned":2,"undead_revamp2:sucker":2,"alexsmobs:guster":1,"minecraft:creeper":1,"boh:deer":1,"born_in_chaos_v1:decrepit_skeleton":3,"minecraft:pillager":8,"minecraft:zombie":3,"born_in_chaos_v1:corpse_fly":2,"enemyexpansion:botfly":2,"alexsmobs:roadrunner":1,"alexsmobs:fly":1,"enemyexpansion:wasp":1},"minecraft:broken":{"minecraft:iron_boots":1},"minecraft:crafted":{"minecraft:jungle_button":2,"minecraft:oak_planks":40,"minecraft:coal":18,"minecraft:suspicious_stew":1,"minecraft:bow":1,"minecraft:iron_boots":2,"minecraft:stone_pickaxe":1,"minecraft:diamond_sword":1,"minecraft:emerald":1,"minecraft:crafting_table":2,"minecraft:iron_helmet":1,"minecraft:wooden_pickaxe":1,"minecraft:baked_potato":64,"minecraft:stone_axe":1,"minecraft:bread":10,"minecraft:air":0,"minecraft:shield":1,"minecraft:stick":40,"minecraft:iron_ingot":30,"minecraft:iron_block":32,"minecraft:acacia_planks":4,"minecraft:torch":124,"minecraft:shears":1},"minecraft:used":{"minecraft:red_sand":1,"minecraft:spruce_slab":1,"minecraft:carved_pumpkin":1,"minecraft:spruce_planks":1,"minecraft:shield":26,"minecraft:iron_sword":204,"farmersdelight:rich_soil":1,"minecraft:spyglass":24,"minecraft:torch":8,"minecraft:dirt":3,"minecraft:salmon_bucket":2,"minecraft:carrot":16,"minecraft:music_disc_13":1,"born_in_chaos_v1:smoked_flesh":1,"minecraft:bricks":35,"minecraft:iron_block":4,"minecraft:iron_axe":1,"minecraft:iron_boots":1,"minecraft:smooth_quartz":13,"minecraft:golden_carrot":9,"minecraft:bow":47,"minecraft:scaffolding":4,"minecraft:jungle_button":3,"minecraft:beetroot_seeds":1,"minecraft:potato":31,"minecraft:seagrass":1,"minecraft:pumpkin":1,"minecraft:light_gray_bed":6,"minecraft:iron_leggings":1,"minecraft:brown_bed":3,"minecraft:wheat_seeds":26,"minecraft:water_bucket":21,"boh:cooked_venison":1,"minecraft:baked_potato":98,"minecraft:stone_pickaxe":16,"minecraft:oak_planks":15,"minecraft:cactus":7,"minecraft:ender_pearl":2,"minecraft:wooden_pickaxe":7,"minecraft:pink_concrete":1,"minecraft:mossy_cobblestone":2,"minecraft:terracotta":6,"minecraft:sand":6,"minecraft:crafting_table":4,"minecraft:chiseled_quartz_block":1,"minecraft:note_block":3,"minecraft:shears":1,"minecraft:birch_fence":2,"minecraft:light_gray_concrete":2,"minecraft:bread":24,"minecraft:iron_pickaxe":164,"minecraft:cyan_carpet":1,"minecraft:stone_axe":7,"born_in_chaos_v1:rotten_fish":1,"minecraft:diamond_sword":211,"minecraft:cobblestone":2,"minecraft:bucket":24,"minecraft:jukebox":1,"minecraft:cobweb":3},"minecraft:picked_up":{"sophisticatedbackpacks:gold_backpack":1,"minecraft:seagrass":1,"minecraft:iron_chestplate":1,"minecraft:crafting_table":3,"minecraft:wheat":53,"born_in_chaos_v1:seedof_chaos":4,"alexsmobs:roadrunner_feather":1,"minecraft:brown_bed":3,"minecraft:wither_rose":1,"minecraft:potion":1,"gravestone:obituary":8,"minecraft:shield":1,"minecraft:string":27,"minecraft:iron_axe":1,"minecraft:iron_leggings":2,"minecraft:iron_shovel":1,"minecraft:pufferfish":2,"minecraft:birch_fence":2,"minecraft:cyan_carpet":2,"minecraft:beetroot":1,"minecraft:red_sand":3,"minecraft:spruce_planks":1,"minecraft:rose_bush":1,"minecraft:iron_pickaxe":2,"minecraft:smooth_quartz":13,"minecraft:spruce_slab":4,"minecraft:coal_block":4,"minecraft:sugar_cane":1,"minecraft:birch_sapling":2,"minecraft:stick":6,"minecraft:stripped_crimson_hyphae":2,"minecraft:sandstone":8,"minecraft:jungle_door":1,"minecraft:torch":3,"minecraft:acacia_log":1,"minecraft:spruce_stairs":1,"minecraft:note_block":3,"minecraft:porkchop":2,"minecraft:carrot":54,"minecraft:yellow_banner":1,"minecraft:light_gray_bed":6,"minecraft:cactus":2,"minecraft:arrow":177,"boh:cooked_venison":1,"minecraft:rotten_flesh":34,"minecraft:beetroot_seeds":1,"minecraft:pumpkin_pie":33,"minecraft:purpur_slab":4,"minecraft:iron_block":1,"minecraft:carved_pumpkin":1,"alexsmobs:emu_egg":1,"minecraft:cobblestone":17,"minecraft:birch_log":1,"born_in_chaos_v1:corpse_maggot":5,"farmersdelight:rich_soil":1,"gnumus:overripe_carrot":6,"minecraft:chiseled_quartz_block":1,"minecraft:potato":106,"minecraft:filled_map":1,"minecraft:oak_log":10,"minecraft:jungle_button":1,"minecraft:gunpowder":4,"minecraft:dirt":5,"minecraft:leather_boots":1,"minecraft:bone":58,"boh:kindness_flower":1,"minecraft:wheat_seeds":74,"minecraft:iron_ingot":2,"sophisticatedbackpacks:tank_upgrade":1,"minecraft:iron_sword":3,"minecraft:oak_planks":2,"minecraft:scaffolding":4,"minecraft:pink_concrete":6,"minecraft:music_disc_13":1,"born_in_chaos_v1:lifestealer_bone":4,"minecraft:spyglass":1,"minecraft:poisonous_potato":1,"minecraft:sand":6,"minecraft:spider_eye":1,"minecraft:mossy_cobblestone":34,"minecraft:light_gray_concrete":2,"minecraft:pumpkin_seeds":4,"minecraft:diamond":2,"minecraft:black_concrete":2,"minecraft:bread":6,"minecraft:terracotta":8,"alexsmobs:maggot":1,"born_in_chaos_v1:rotten_fish":7,"minecraft:red_concrete":2,"minecraft:bricks":65,"sophisticatedbackpacks:xp_pump_upgrade":1,"minecraft:coal":15,"minecraft:hopper":1,"minecraft:sunflower":3},"minecraft:killed_by":{"minecraft:zombie_villager":1,"minecraft:player":3,"born_in_chaos_v1:nightmare_stalker":1,"minecraft:spider":1,"minecraft:pillager":2,"arphex:hornet_harbinger":1,"undead_revamp2:thehunter":1,"apollyon:the_damned":1,"enemyexpansion:scorpion":1,"minecraft:skeleton":6}},"DataVersion":3465}