{"stats":{"minecraft:killed":{"minecraft:cave_spider":1,"born_in_chaos_v1:restless_spirit":10,"born_in_chaos_v1:zombie_lumberjack":6,"born_in_chaos_v1:skeleton_demoman":3,"enemyexpansion:equestrian":14,"undead_revamp2:clogger":1,"undead_revamp2:axestrom":2,"graveyard:wraith":13,"born_in_chaos_v1:siamese_skeletonsright":3,"born_in_chaos_v1:baby_skeleton_minion":4,"undead_revamp2:theswarmer":8,"minecraft:skeleton":126,"undead_revamp2:deadclogger":1,"graveyard:acolyte":10,"minecraft:chicken":2,"born_in_chaos_v1:skeleton_thrasher":1,"alexsmobs:centipede_head":1,"arphex:ant_arsonist":3,"undead_revamp2:thepregnant":3,"undead_revamp2:thespitter":12,"enemyexpansion:vampflyer":2,"arphex:spider_moth_larvae":1,"arphex:spider_larvae_tiny":11,"minecraft:salmon":8,"mutantmonsters:mutant_skeleton":2,"arphex:centipede_evictor_larvae":1,"minecraft:pillager":7,"undead_revamp2:slaveman":1,"minecraft:zombie":82,"enemyexpansion:vampire":1,"born_in_chaos_v1:corpse_fly":34,"enemyexpansion:botfly":32,"boh:seed_eater":1,"alexsmobs:roadrunner":3,"born_in_chaos_v1:door_knight":6,"mutantmonsters:mutant_creeper":2,"arphex:spider_larvae":4,"minecraft:cow":2,"enemyexpansion:trollenraged":1,"undead_revamp2:thehunter":5,"undead_revamp2:theimmortal":6,"graveyard:corrupted_vindicator":831,"undead_revamp2:bomber":6,"arphex:beetle_tick_mite":2,"arphex:hornet_harbinger":6,"enemyexpansion:silverqueen":1,"gnumus:gnumus_hunter":46,"undead_revamp2:thebidy":4,"born_in_chaos_v1:barrel_zombie":1,"enemyexpansion:scorpion":13,"born_in_chaos_v1:spiritof_chaos":6,"the_knocker:knockerdeadanimal":2,"born_in_chaos_v1:spirit_guide":8,"minecraft:husk":26,"alexsmobs:guster":10,"undead_revamp2:the_moonflower":31,"enemyexpansion:sprinter":12,"born_in_chaos_v1:decrepit_skeleton":37,"alexsmobs:catfish":2,"undead_revamp2:thesomnolence":6,"mutantmonsters:creeper_minion":1,"born_in_chaos_v1:dark_vortex":7,"minecraft:enderman":2,"undead_revamp2:thewolf":4,"born_in_chaos_v1:zombie_clown":7,"graveyard:skeleton_creeper":5,"minecraft:spider":42,"arphex:teleport_ghost":1,"undead_revamp2:thesmoker":10,"born_in_chaos_v1:scarlet_persecutor":3,"minecraft:silverfish":3,"undead_revamp2:therod":4,"born_in_chaos_v1:firelight_not_despawn":1,"born_in_chaos_v1:bonescaller":2,"minecraft:zombie_villager":5,"born_in_chaos_v1:diamond_termite":2,"undead_revamp2:thebeartamer":2,"minecraft:creeper":31,"born_in_chaos_v1:zombie_fisherman":3,"born_in_chaos_v1:dread_hound":22,"minecraft:stray":17,"alexsmobs:fly":2,"cave_dweller:cave_dweller":2,"graveyard:corrupted_pillager":31,"apollyon:the_damned":7,"minecraft:blaze":12,"born_in_chaos_v1:siamese_skeletonsleft":2,"enemyexpansion:wasp":1,"born_in_chaos_v1:missioner":2,"arphex:spider_brood":1,"alexsmobs:tarantula_hawk":2,"undead_revamp2:thegliter":2,"minecraft:giant":2,"enemyexpansion:intruder":2,"enemyexpansion:direwolf":43,"alexsmobs:rattlesnake":5,"born_in_chaos_v1:zombie_bruiser":15,"born_in_chaos_v1:maggot":53,"minecraft:phantom":7,"undead_revamp2:coppertar":4,"they_watch_from_the_mist:them_aggro":1,"minecraft:drowned":2,"born_in_chaos_v1:corpse_fish":2,"undead_revamp2:sucker":3,"enemyexpansion:starved":7,"born_in_chaos_v1:fallen_chaos_knight":3,"born_in_chaos_v1:baby_skeleton":24,"born_in_chaos_v1:swarmer":3,"born_in_chaos_v1:spirit_guide_assistant":24,"minecraft:bat":1,"enemyexpansion:troll":1,"enemyexpansion:crawler":3,"born_in_chaos_v1:phantom_creeper_copy":4,"born_in_chaos_v1:decaying_zombie":2,"alexsmobs:cockroach":1,"sons_of_sins:betrayed_guzzler":3,"enemyexpansion:huntsman":7,"born_in_chaos_v1:nightmare_stalker":1,"minecraft:wither_skeleton":12,"enemyexpansion:slugger":4},"minecraft:custom":{"minecraft:interact_with_crafting_table":175,"minecraft:open_barrel":126,"minecraft:bell_ring":87,"minecraft:leave_game":68,"minecraft:time_since_death":59113,"minecraft:damage_blocked_by_shield":3689,"minecraft:play_time":2658970,"minecraft:deaths":280,"minecraft:jump":36320,"minecraft:enchant_item":20,"minecraft:interact_with_furnace":126,"minecraft:traded_with_villager":799,"minecraft:interact_with_cartography_table":2,"minecraft:sleep_in_bed":30,"minecraft:waystone_activated":7,"minecraft:damage_dealt":167586,"minecraft:interact_with_smoker":4,"minecraft:interact_with_smithing_table":1,"minecraft:inspect_dispenser":1,"minecraft:horse_one_cm":138389,"minecraft:interact_with_anvil":24,"minecraft:inspect_hopper":3,"minecraft:damage_dealt_absorbed":233,"minecraft:sneak_time":54576,"minecraft:interact_with_lectern":3,"minecraft:interact_with_blast_furnace":6,"minecraft:total_world_time":2658970,"minecraft:tune_noteblock":3,"minecraft:time_since_rest":59185,"minecraft:swim_one_cm":362633,"minecraft:fly_one_cm":7328457,"minecraft:open_chest":1506,"minecraft:fall_one_cm":1142250,"minecraft:damage_resisted":28,"minecraft:sprint_one_cm":6756851,"minecraft:drop":899,"minecraft:talked_to_villager":226,"minecraft:interact_with_brewingstand":2,"minecraft:walk_on_water_one_cm":444441,"minecraft:interact_with_loom":5,"minecraft:open_enderchest":136,"minecraft:player_kills":8,"minecraft:crouch_one_cm":104301,"minecraft:mob_kills":2100,"minecraft:damage_dealt_resisted":12553,"minecraft:climb_one_cm":205332,"minecraft:walk_one_cm":5134835,"minecraft:walk_under_water_one_cm":307587,"minecraft:boat_one_cm":276677,"minecraft:interact_with_grindstone":8,"minecraft:damage_taken":112169,"minecraft:damage_absorbed":42},"minecraft:killed_by":{"born_in_chaos_v1:decaying_zombie_not_despawn":1,"arphex:spider_moth_dweller":2,"undead_revamp2:the_moonflower":4,"born_in_chaos_v1:nightmare_stalker":4,"minecraft:pillager":19,"enemyexpansion:slugger":1,"graveyard:acolyte":4,"enemyexpansion:huntsman":2,"mutantmonsters:mutant_creeper":2,"sons_of_sins:betrayed_guzzler":3,"they_watch_from_the_mist:them_aggro":2,"gnumus:gnumus_hunter":1,"enemyexpansion:scorpion":5,"minecraft:zombie":12,"undead_revamp2:thepregnant":1,"enemyexpansion:invisicreeper":4,"undead_revamp2:theimmortal":1,"minecraft:stray":1,"mutantmonsters:mutant_enderman":1,"arphex:spider_larvae":3,"alexsmobs:guster":1,"alexsmobs:centipede_head":1,"enemyexpansion:botfly":1,"enemyexpansion:direwolf":2,"graveyard:corrupted_pillager":3,"cave_dweller:cave_dweller":6,"arphex:centipede_stalker":2,"undead_revamp2:sucker":4,"minecraft:wither_skeleton":2,"minecraft:creeper":4,"born_in_chaos_v1:spirit_guide":1,"born_in_chaos_v1:zombie_bruiser":5,"born_in_chaos_v1:corpse_fly":4,"minecraft:drowned":1,"undead_revamp2:clogger":3,"enemyexpansion:sprinter":1,"minecraft:silverfish":1,"minecraft:blaze":1,"born_in_chaos_v1:spirit_guide_assistant":2,"undead_revamp2:thesmoker":1,"graveyard:wraith":2,"minecraft:player":1,"enemyexpansion:trollenraged":1,"minecraft:spider":1,"enemyexpansion:equestrian":1,"undead_revamp2:thehorrors":2,"undead_revamp2:thehunter":4,"apollyon:the_damned":15,"minecraft:skeleton":39,"graveyard:corrupted_vindicator":33,"arphex:spider_moth_larvae":6},"minecraft:used":{"alexsmobs:emu_egg":2,"minecraft:chest":14,"minecraft:rotten_flesh":5,"minecraft:soul_sand":6,"minecraft:orange_wool":1,"minecraft:cracked_deepslate_tiles":15,"minecraft:deepslate_brick_slab":5,"graveyard:dark_iron_trapdoor":4,"minecraft:jungle_sapling":56,"minecraft:red_wool":16,"minecraft:bow":3597,"minecraft:sweet_berries":35,"minecraft:furnace":9,"minecraft:egg":2,"minecraft:potato":1,"minecraft:damaged_anvil":1,"minecraft:deepslate_brick_wall":6,"minecraft:diorite":47,"minecraft:wooden_pickaxe":23,"minecraft:mossy_stone_brick_stairs":1,"minecraft:composter":1,"minecraft:jungle_boat":2,"minecraft:golden_apple":1,"minecraft:sand":97,"minecraft:deepslate_brick_stairs":46,"minecraft:birch_fence":1,"minecraft:deepslate_tiles":61,"minecraft:red_sandstone":2,"minecraft:chiseled_sandstone":2,"born_in_chaos_v1:monster_flesh":3,"minecraft:birch_slab":1,"gnumus:gnumus_chickpeas":3,"born_in_chaos_v1:staffof_magic_arrows":7,"golems:golem_spell":1,"minecraft:diamond_sword":2281,"minecraft:smithing_table":1,"minecraft:ice":3,"gnumus:juicy_meat":2,"born_in_chaos_v1:dark_ritual_dagger":13,"minecraft:iron_bars":1,"minecraft:stone_sword":33,"minecraft:orange_concrete":17,"minecraft:netherrack":234,"minecraft:torch":520,"farmersdelight:flint_knife":7,"minecraft:jungle_trapdoor":3,"minecraft:iron_axe":307,"minecraft:jungle_log":49,"minecraft:smooth_quartz":3,"born_in_chaos_v1:intoxicating_dagger":842,"minecraft:orange_terracotta":9,"minecraft:cobbled_deepslate":1155,"minecraft:acacia_planks":8,"minecraft:water_bucket":21,"minecraft:fletching_table":10,"minecraft:deepslate_bricks":80,"minecraft:cracked_stone_bricks":1,"minecraft:oak_slab":9,"minecraft:crafting_table":18,"minecraft:red_bed":1,"minecraft:spruce_log":2,"minecraft:diamond_pickaxe":3764,"minecraft:oak_button":3,"minecraft:iron_pickaxe":220,"minecraft:suspicious_stew":2,"alexsmobs:crocodile_egg":1,"minecraft:cobblestone":492,"minecraft:purple_bed":2,"minecraft:sandstone_slab":3,"minecraft:kelp":152,"minecraft:red_sand":54,"minecraft:iron_shovel":169,"minecraft:oak_sign":7,"minecraft:shield":116,"minecraft:iron_sword":149,"minecraft:bell":1,"minecraft:jungle_planks":126,"minecraft:cyan_wool":1,"minecraft:honey_bottle":12,"born_in_chaos_v1:corpse_maggot":18,"graveyard:gray_urn":1,"minecraft:lantern":1,"minecraft:light_blue_bed":1,"minecraft:stone_bricks":2,"minecraft:hay_block":5,"minecraft:scaffolding":3,"minecraft:gray_bed":3,"minecraft:gold_block":4,"minecraft:stone_pickaxe":173,"minecraft:oak_planks":1,"minecraft:sandstone":39,"minecraft:diamond_axe":2028,"minecraft:white_wool":1,"alexscaves:cave_book":1,"minecraft:light_gray_terracotta":3,"minecraft:yellow_concrete":7,"minecraft:black_bed":1,"minecraft:redstone_torch":1,"minecraft:bread":347,"minecraft:cyan_bed":2,"minecraft:iron_door":1,"minecraft:gravel":48,"minecraft:jungle_sign":2,"minecraft:andesite":42,"minecraft:smooth_stone_slab":2,"minecraft:coarse_dirt":4,"minecraft:bone_meal":128,"minecraft:cobweb":7,"minecraft:oak_fence":1,"graveyard:sarcophagus":1,"minecraft:cracked_deepslate_bricks":53,"minecraft:stone_shovel":43,"minecraft:spruce_planks":8,"minecraft:spyglass":22,"minecraft:dirt":71,"minecraft:hopper":1,"minecraft:granite":11,"minecraft:brown_terracotta":10,"minecraft:wooden_axe":8,"minecraft:stone_brick_slab":2,"minecraft:bookshelf":11,"alexscaves:spelunkery_table":1,"minecraft:golden_carrot":229,"minecraft:soul_soil":1,"minecraft:light_gray_bed":1,"minecraft:brown_bed":2,"minecraft:iron_leggings":1,"undead_revamp2:wincallerfan":5,"minecraft:glass_bottle":1,"minecraft:baked_potato":8,"minecraft:cut_sandstone":2,"minecraft:terracotta":81,"minecraft:magenta_bed":1,"minecraft:smoker":3,"minecraft:apple":1,"minecraft:stone_axe":19,"minecraft:bucket":23,"minecraft:pumpkin_pie":90},"minecraft:crafted":{"minecraft:melon":3,"minecraft:blaze_powder":2,"sophisticatedbackpacks:crafting_upgrade":1,"minecraft:bookshelf":11,"minecraft:deepslate_brick_stairs":4,"minecraft:glass":16,"minecraft:diamond_leggings":1,"sophisticatedbackpacks:tank_upgrade":1,"minecraft:tipped_arrow":5,"minecraft:iron_door":3,"minecraft:emerald":431,"minecraft:jungle_boat":1,"farmersdelight:flint_knife":1,"minecraft:sticky_piston":1,"minecraft:fletching_table":3,"minecraft:iron_pickaxe":2,"minecraft:gold_ingot":191,"minecraft:jungle_sign":3,"minecraft:golden_carrot":258,"minecraft:stone_shovel":1,"minecraft:bone_meal":294,"sophisticatedbackpacks:advanced_pump_upgrade":1,"minecraft:stone_pickaxe":3,"minecraft:diamond_boots":1,"minecraft:wheat":738,"sophisticatedbackpacks:gold_backpack":4,"minecraft:enchanted_book":9,"minecraft:wooden_axe":1,"minecraft:iron_leggings":12,"minecraft:oak_planks":76,"born_in_chaos_v1:dark_metal_ingot":3,"minecraft:hopper":1,"born_in_chaos_v1:dark_ritual_dagger":1,"minecraft:bow":9,"minecraft:iron_boots":7,"minecraft:chest":11,"minecraft:oak_button":2,"minecraft:ender_eye":1,"born_in_chaos_v1:pileof_dark_metal":4,"minecraft:oak_slab":18,"sophisticatedbackpacks:backpack":2,"minecraft:arrow":3657,"minecraft:crafting_table":15,"minecraft:spruce_planks":8,"minecraft:wooden_pickaxe":1,"minecraft:iron_helmet":8,"minecraft:birch_planks":8,"sophisticatedbackpacks:upgrade_base":3,"minecraft:dispenser":1,"sophisticatedbackpacks:xp_pump_upgrade":1,"minecraft:iron_chestplate":8,"minecraft:diamond_pickaxe":3,"minecraft:shield":1,"sophisticatedbackpacks:diamond_backpack":1,"minecraft:stick":11174,"minecraft:iron_ingot":277,"minecraft:stone_sword":2,"minecraft:cherry_planks":4,"minecraft:raw_iron":36,"minecraft:coal":36,"minecraft:furnace":9,"minecraft:piston":2,"minecraft:jungle_trapdoor":4,"born_in_chaos_v1:nightmare_mantleofthe_night_helmet":1,"minecraft:flint_and_steel":1,"born_in_chaos_v1:intoxicating_dagger":3,"born_in_chaos_v1:bone_handle":4,"minecraft:iron_axe":2,"sophisticatedbackpacks:iron_backpack":4,"minecraft:diamond_sword":2,"minecraft:iron_sword":1,"minecraft:bucket":8,"minecraft:stone_axe":1,"minecraft:air":0,"minecraft:bread":278,"minecraft:jungle_planks":6188,"sophisticatedbackpacks:pump_upgrade":1,"minecraft:pumpkin_pie":124,"minecraft:acacia_planks":76,"minecraft:torch":420,"minecraft:diamond_chestplate":1},"minecraft:mined":{"minecraft:dark_oak_planks":2,"graveyard:gray_urn":4,"minecraft:cherry_log":3,"minecraft:jungle_leaves":171,"minecraft:obsidian":2,"minecraft:granite":54,"minecraft:red_sand":26,"minecraft:acacia_log":4,"minecraft:stone_brick_wall":1,"minecraft:jungle_log":1641,"minecraft:light_gray_bed":1,"minecraft:coal_block":4,"minecraft:deepslate_bricks":87,"minecraft:purpur_slab":6,"minecraft:oak_wall_sign":2,"minecraft:nether_wart":1,"minecraft:spawner":32,"minecraft:magma_block":9,"minecraft:orange_concrete":20,"minecraft:tall_seagrass":5,"minecraft:fire":8,"minecraft:cobbled_deepslate":492,"minecraft:deepslate_lapis_ore":14,"minecraft:pumpkin":6,"minecraft:granite_slab":6,"minecraft:fletching_table":7,"minecraft:light_gray_concrete":4,"minecraft:deepslate_brick_stairs":48,"minecraft:blue_orchid":1,"minecraft:jungle_trapdoor":2,"minecraft:cut_sandstone":1,"minecraft:red_bed":1,"minecraft:kelp_plant":58,"graveyard:dark_iron_trapdoor":20,"minecraft:smoker":3,"minecraft:deepslate_brick_wall":6,"minecraft:torch":21,"minecraft:oxidized_copper":4,"minecraft:melon":5,"minecraft:dead_bush":34,"minecraft:cyan_bed":1,"minecraft:damaged_anvil":1,"minecraft:bricks":11,"minecraft:amethyst_block":3,"minecraft:white_terracotta":6,"minecraft:cyan_wool":2,"minecraft:chain":1,"minecraft:jungle_wood":2,"minecraft:light_gray_stained_glass":6,"minecraft:lilac":1,"minecraft:magenta_bed":1,"minecraft:jukebox":1,"minecraft:black_bed":1,"minecraft:stone_brick_stairs":3,"minecraft:grass":9,"minecraft:smooth_quartz":7,"minecraft:yellow_stained_glass":1,"minecraft:deepslate":951,"minecraft:yellow_terracotta":1,"minecraft:deepslate_tiles":65,"minecraft:mossy_cobblestone":1,"minecraft:cobbled_deepslate_slab":1,"minecraft:dark_oak_fence":1,"minecraft:spruce_fence":1,"minecraft:jungle_planks":18,"born_in_chaos_v1:black_argillite":2,"graveyard:tg_deepslate":1,"minecraft:kelp":9,"minecraft:black_stained_glass_pane":1,"minecraft:redstone_ore":4,"minecraft:acacia_wood":9,"minecraft:andesite":59,"minecraft:mossy_stone_brick_stairs":1,"minecraft:cobblestone_slab":2,"minecraft:vine":145,"minecraft:white_wool":3,"minecraft:smithing_table":1,"minecraft:oak_slab":7,"minecraft:gray_concrete":2,"minecraft:soul_sand":31,"minecraft:stone_brick_slab":2,"minecraft:cobbled_deepslate_wall":9,"minecraft:copper_ore":15,"minecraft:tall_grass":2,"farmersdelight:wild_tomatoes":1,"minecraft:deepslate_gold_ore":112,"minecraft:cracked_deepslate_bricks":63,"minecraft:diorite":76,"minecraft:purple_bed":1,"minecraft:coarse_dirt":4,"graveyard:vase_block":5,"minecraft:light_blue_bed":1,"minecraft:spruce_log":2,"minecraft:birch_leaves":2,"minecraft:gravel":69,"minecraft:dripstone_block":12,"minecraft:cobweb":20,"minecraft:brown_terracotta":13,"minecraft:acacia_planks":5,"minecraft:stone_bricks":1,"minecraft:gold_ore":8,"minecraft:chipped_anvil":1,"minecraft:fern":1,"minecraft:spruce_planks":11,"minecraft:cobbled_deepslate_stairs":1,"minecraft:orange_wool":3,"minecraft:brewing_stand":1,"minecraft:grass_block":13,"minecraft:soul_soil":6,"minecraft:composter":1,"minecraft:smooth_stone":11,"minecraft:iron_ore":40,"minecraft:brown_bed":2,"minecraft:pointed_dripstone":6,"minecraft:iron_bars":4,"minecraft:deepslate_redstone_ore":25,"minecraft:jungle_door":1,"minecraft:orange_terracotta":11,"minecraft:chiseled_quartz_block":6,"minecraft:light_gray_terracotta":18,"minecraft:chest":8,"minecraft:cobblestone":252,"minecraft:oak_planks":4,"minecraft:wall_torch":46,"minecraft:deepslate_copper_ore":7,"minecraft:seagrass":2,"minecraft:dark_oak_slab":2,"minecraft:warped_planks":1,"minecraft:tnt":5,"minecraft:smooth_stone_slab":3,"minecraft:cracked_deepslate_tiles":35,"minecraft:oak_log":25,"minecraft:dirt":53,"minecraft:sand":30,"structure_gel:dynamic_spawner":1,"minecraft:tripwire_hook":1,"minecraft:netherrack":190,"minecraft:oak_leaves":37,"alexscaves:spelunkery_table":1,"minecraft:crying_obsidian":1,"minecraft:tuff":24,"the_knocker:deadcow":4,"minecraft:deepslate_diamond_ore":10,"gravestone:gravestone":265,"minecraft:glow_lichen":1,"minecraft:sandstone":34,"minecraft:hay_block":88,"minecraft:deepslate_brick_slab":16,"minecraft:furnace":1,"minecraft:bookshelf":13,"minecraft:deepslate_iron_ore":99,"minecraft:stripped_oak_log":2,"minecraft:stone":501,"minecraft:scaffolding":3,"minecraft:red_wool":17,"minecraft:polished_granite":1,"graveyard:small_light_gray_urn":1,"minecraft:oak_fence":2,"minecraft:crafting_table":4,"minecraft:rose_bush":7,"minecraft:andesite_slab":5,"minecraft:lapis_ore":7,"minecraft:spruce_stairs":1,"minecraft:sweet_berry_bush":1,"minecraft:gray_bed":2,"graveyard:dark_iron_bars":1,"minecraft:coal_ore":129,"minecraft:cherry_leaves":2,"minecraft:yellow_concrete":7,"graveyard:leaning_skeleton":1,"minecraft:cracked_stone_bricks":1,"minecraft:terracotta":125,"minecraft:polished_andesite":14,"minecraft:mossy_stone_bricks":1,"minecraft:birch_fence":2},"minecraft:broken":{"minecraft:iron_boots":7,"minecraft:iron_chestplate":4,"minecraft:iron_leggings":6,"born_in_chaos_v1:damned_demomans_hat_helmet":1,"minecraft:iron_axe":1,"minecraft:iron_helmet":7,"minecraft:stone_pickaxe":1,"minecraft:diamond_sword":1},"minecraft:dropped":{"minecraft:iron_sword":2,"minecraft:lapis_lazuli":10,"gnumus:overripe_carrot":2,"minecraft:glow_ink_sac":1,"immersive_melodies:trumpet":1,"minecraft:glass_bottle":1,"minecraft:diamond":2,"minecraft:sandstone_stairs":1,"minecraft:mossy_stone_brick_stairs":1,"born_in_chaos_v1:pieceofdarkmetal":6,"graveyard:corruption":486,"born_in_chaos_v1:damned_demomans_hat_helmet":2,"sophisticatedbackpacks:gold_backpack":2,"born_in_chaos_v1:monster_flesh":1,"minecraft:dirt":20,"golems:golem_head":11,"minecraft:cracked_deepslate_tiles":2,"minecraft:chain":4,"minecraft:bone_block":1,"minecraft:sand":25,"minecraft:iron_pickaxe":2,"undead_revamp2:blacpetalblock":1,"minecraft:fermented_spider_eye":2,"minecraft:bone":16,"graveyard:dark_iron_trapdoor":9,"minecraft:stone_axe":3,"minecraft:sugar_cane":4,"minecraft:iron_nugget":11,"alexsmobs:animal_dictionary":1,"minecraft:cobbled_deepslate":90,"minecraft:wheat":9,"minecraft:rotten_flesh":158,"alexsmobs:emu_egg":4,"minecraft:jungle_trapdoor":1,"minecraft:salmon":1,"minecraft:deepslate_tiles":1,"farmersdelight:rope":7,"gnumus:gnumus_pouch":1,"minecraft:glass":1,"born_in_chaos_v1:marigolds":7,"minecraft:egg":8,"farmersdelight:tomato_seeds":4,"minecraft:iron_ingot":3,"minecraft:wheat_seeds":202,"minecraft:dripstone_block":3,"minecraft:cobbled_deepslate_wall":8,"minecraft:iron_helmet":7,"minecraft:feather":5,"minecraft:cobblestone":18,"minecraft:granite":1,"born_in_chaos_v1:charmof_endurance":2,"minecraft:coal":6,"minecraft:polished_andesite":2,"minecraft:oxeye_daisy":1,"born_in_chaos_v1:gnawed_bones":1,"undead_revamp2:wincallerfan":1,"minecraft:golden_carrot":31,"minecraft:wooden_axe":1,"minecraft:rose_bush":2,"minecraft:brown_terracotta":6,"minecraft:red_dye":2,"minecraft:string":32,"minecraft:stone_brick_slab":2,"born_in_chaos_v1:nightmare_scythe":1,"minecraft:furnace":1,"minecraft:moss_carpet":4,"minecraft:creeper_head":1,"minecraft:bowl":3,"minecraft:deepslate":2,"minecraft:chicken":1,"minecraft:clay_ball":2,"minecraft:iron_boots":1,"sophisticatedbackpacks:backpack":2,"minecraft:white_terracotta":3,"minecraft:cobbled_deepslate_slab":1,"minecraft:spruce_fence":1,"minecraft:pumpkin_seeds":22,"minecraft:diamond_sword":6,"minecraft:potato":2,"minecraft:stone":1,"minecraft:diamond_pickaxe":5,"minecraft:spider_eye":8,"minecraft:stone_bricks":2,"minecraft:sandstone":36,"minecraft:red_sand":42,"minecraft:bow":7,"graveyard:dark_iron_bars":2,"minecraft:terracotta":40,"minecraft:diamond_axe":2,"minecraft:oak_log":1,"minecraft:baked_potato":2,"minecraft:sandstone_slab":1,"minecraft:jungle_planks":40,"born_in_chaos_v1:pileof_dark_metal":1,"minecraft:cod":1,"minecraft:flint":1,"minecraft:deepslate_tile_stairs":1,"born_in_chaos_v1:monster_skin":1,"born_in_chaos_v1:darkwarblade":2,"gravestone:obituary":391,"minecraft:jungle_sign":1,"minecraft:pumpkin_pie":34,"minecraft:birch_log":2,"minecraft:gravel":12,"enemyexpansion:horsehead_helmet":1,"minecraft:spyglass":3,"minecraft:andesite_slab":6,"born_in_chaos_v1:ethereal_spirit":1,"minecraft:cherry_sapling":2,"minecraft:carrot":3,"minecraft:chainmail_chestplate":1,"minecraft:sandstone_wall":4,"minecraft:poppy":1,"born_in_chaos_v1:seedof_chaos":3,"minecraft:gunpowder":31,"born_in_chaos_v1:chipped_black_argillite_brick":1,"born_in_chaos_v1:corpse_maggot":17,"minecraft:melon_seeds":3,"minecraft:stone_brick_wall":1,"minecraft:iron_bars":1,"minecraft:arrow":578,"alexsmobs:banana":1,"minecraft:scaffolding":2,"minecraft:polished_granite":1,"minecraft:netherrack":4,"born_in_chaos_v1:dark_rod":1,"minecraft:water_bucket":1,"minecraft:bread":7,"minecraft:oak_slab":2,"minecraft:lilac":1,"minecraft:mossy_cobblestone":4,"minecraft:poisonous_potato":1,"minecraft:golden_axe":1,"minecraft:amethyst_block":1,"minecraft:copper_ingot":2,"minecraft:spruce_stairs":4,"minecraft:acacia_log":2,"minecraft:stick":23,"minecraft:diorite":35,"minecraft:torch":68,"minecraft:zombie_head":1,"minecraft:iron_leggings":5,"minecraft:wither_rose":7,"minecraft:iron_axe":1,"sophisticatedbackpacks:crafting_upgrade":1,"minecraft:bucket":1,"minecraft:redstone":31,"minecraft:blue_terracotta":1,"alexsmobs:maggot":7,"minecraft:coarse_dirt":1,"minecraft:blaze_rod":1,"minecraft:raw_copper":2,"minecraft:light_gray_terracotta":4,"minecraft:tuff":9,"minecraft:red_terracotta":32,"minecraft:flint_and_steel":1,"minecraft:filled_map":1,"graveyard:small_light_gray_urn":1,"minecraft:shield":1,"farmersdelight:flint_knife":1,"gnumus:gnumus_clay":5,"minecraft:oak_button":1,"minecraft:orange_terracotta":38,"minecraft:iron_chestplate":3,"minecraft:andesite":106,"born_in_chaos_v1:intoxicating_dagger":3,"minecraft:oak_sapling":2,"born_in_chaos_v1:nightmare_mantleofthe_night_helmet":1,"minecraft:slime_ball":6,"minecraft:spruce_log":2,"minecraft:wooden_pickaxe":1,"gnumus:hearty_dinner":1},"minecraft:picked_up":{"minecraft:iron_chestplate":1,"minecraft:creeper_head":3,"minecraft:suspicious_stew":2,"minecraft:smithing_table":1,"minecraft:diamond_sword":9,"minecraft:brown_bed":2,"minecraft:wither_rose":17,"minecraft:enchanted_book":19,"minecraft:brewing_stand":1,"minecraft:amethyst_block":4,"minecraft:string":93,"minecraft:soul_soil":11,"graveyard:sarcophagus":1,"alexsmobs:emu_feather":2,"minecraft:diamond_leggings":1,"minecraft:cobbled_deepslate":1473,"bosses_of_mass_destruction:soul_star":6,"minecraft:spruce_planks":17,"minecraft:melon_slice":27,"minecraft:coal_block":4,"wstweaks:fragment":4,"born_in_chaos_v1:shattered_skull":7,"minecraft:jukebox":1,"minecraft:composter":1,"minecraft:acacia_log":11,"minecraft:sandstone_wall":4,"minecraft:cherry_log":4,"minecraft:warped_planks":2,"minecraft:deepslate_tile_stairs":1,"minecraft:black_dye":4,"minecraft:light_gray_bed":1,"artifacts:villager_hat":4,"farmersdelight:rope":15,"minecraft:white_terracotta":4,"minecraft:blaze_rod":5,"minecraft:iron_bars":9,"minecraft:birch_log":4,"born_in_chaos_v1:staffof_magic_arrows":3,"minecraft:magma_block":7,"minecraft:oxidized_copper":12,"minecraft:feather":9,"minecraft:cooked_beef":6,"born_in_chaos_v1:spiritual_dust":2,"minecraft:birch_slab":1,"minecraft:water_bucket":1,"minecraft:jungle_log":1634,"minecraft:jungle_wood":2,"minecraft:smoker":3,"minecraft:flint":13,"golems:golem_spell":1,"minecraft:magenta_bed":1,"minecraft:gray_concrete":1,"minecraft:lantern":1,"born_in_chaos_v1:nightmare_stalker_skull":1,"gnumus:gnumus_pouch_2":10,"born_in_chaos_v1:marigolds":10,"minecraft:chipped_anvil":1,"undead_revamp2:blacpetalblock":2,"minecraft:diamond_helmet":1,"alexsmobs:crocodile_egg":1,"minecraft:fermented_spider_eye":3,"minecraft:red_terracotta":32,"minecraft:polished_andesite":2,"minecraft:white_candle":5,"alexsmobs:guster_eye":4,"minecraft:blue_terracotta":1,"minecraft:deepslate":4,"born_in_chaos_v1:nightmare_scythe":1,"minecraft:granite":78,"alexsmobs:tarantula_hawk_wing_fragment":1,"minecraft:bread":63,"alexsmobs:maggot":9,"born_in_chaos_v1:rotten_fish":5,"minecraft:dark_oak_fence":1,"minecraft:bricks":11,"minecraft:diamond_pickaxe":8,"sophisticatedbackpacks:gold_backpack":4,"minecraft:crafting_table":4,"minecraft:coarse_dirt":8,"minecraft:sandstone_slab":4,"minecraft:nether_wart":1,"minecraft:clay_ball":2,"born_in_chaos_v1:seedof_chaos":16,"gravestone:obituary":155,"minecraft:red_bed":1,"born_in_chaos_v1:intoxicating_decoction":13,"minecraft:iron_shovel":1,"minecraft:cracked_stone_bricks":1,"minecraft:beef":9,"born_in_chaos_v1:gnawed_bones":7,"minecraft:cyan_wool":1,"minecraft:jungle_sapling":105,"minecraft:iron_nugget":11,"minecraft:poppy":1,"minecraft:chest":7,"minecraft:egg":10,"minecraft:sandstone":90,"minecraft:stone":1,"gnumus:juicy_meat":2,"sophisticatedbackpacks:crafting_upgrade":1,"sophisticatedbackpacks:backpack":8,"minecraft:spruce_fence":2,"farmersdelight:tomato_seeds":5,"graveyard:dark_iron_bars":2,"born_in_chaos_v1:pieceofdarkmetal":56,"minecraft:carrot":7,"minecraft:redstone":111,"minecraft:tnt":4,"minecraft:diamond_chestplate":1,"minecraft:deepslate_bricks":86,"minecraft:diamond_boots":1,"minecraft:purpur_slab":11,"minecraft:hay_block":102,"minecraft:sandstone_stairs":1,"minecraft:cracked_deepslate_bricks":62,"minecraft:yellow_terracotta":1,"minecraft:gold_ingot":12,"artifacts:pocket_piston":1,"sophisticatedbackpacks:copper_backpack":1,"undead_revamp2:wincallerfan":2,"gnumus:mouse_skin":12,"minecraft:glow_berries":8,"minecraft:mutton":6,"minecraft:white_wool":3,"minecraft:oxeye_daisy":1,"minecraft:stripped_oak_log":2,"enemyexpansion:horsehead_helmet":2,"born_in_chaos_v1:monster_flesh":20,"minecraft:yellow_dye":2,"minecraft:acacia_wood":9,"gnumus:gnumus_pouch":19,"minecraft:filled_map":2,"graveyard:small_light_gray_urn":1,"minecraft:oak_log":36,"enemyexpansion:scorpion_tail":3,"minecraft:paper":2,"minecraft:apple":1,"minecraft:stone_bricks":7,"minecraft:kelp":408,"alexsmobs:cockroach_wing_fragment":1,"minecraft:cobweb":56,"minecraft:glass_bottle":3,"minecraft:gray_bed":3,"minecraft:iron_sword":3,"minecraft:dark_oak_slab":4,"minecraft:sweet_berries":45,"minecraft:yellow_concrete":7,"minecraft:red_wool":16,"born_in_chaos_v1:ethereal_spirit":26,"minecraft:spyglass":4,"minecraft:gravel":98,"minecraft:spruce_log":7,"minecraft:crying_obsidian":1,"gnumus:hearty_dinner":1,"minecraft:purple_bed":2,"minecraft:slime_ball":40,"minecraft:stone_axe":3,"minecraft:diamond_axe":4,"minecraft:oak_button":2,"minecraft:baked_potato":11,"minecraft:melon_seeds":3,"minecraft:ender_pearl":6,"minecraft:wheat":17,"gnumus:gnumus_claw":37,"minecraft:stone_brick_stairs":3,"born_in_chaos_v1:black_argillite":2,"minecraft:raw_copper":143,"minecraft:smooth_stone_slab":4,"minecraft:iron_leggings":3,"minecraft:experience_bottle":4,"minecraft:zombie_head":2,"minecraft:oak_sign":25,"minecraft:deepslate_tiles":64,"minecraft:red_sand":191,"minecraft:smooth_stone":12,"alexsmobs:banana":21,"minecraft:bucket":1,"born_in_chaos_v1:nightmare_mantleofthe_night_helmet":1,"minecraft:red_dye":2,"minecraft:rose_bush":11,"minecraft:redstone_torch":1,"minecraft:cobblestone_slab":4,"minecraft:ender_eye":1,"minecraft:smooth_quartz":5,"minecraft:iron_pickaxe":4,"born_in_chaos_v1:stimulating_decoction":4,"minecraft:furnace":1,"minecraft:tipped_arrow":6,"minecraft:stick":219,"minecraft:jungle_door":2,"minecraft:deepslate_brick_wall":6,"minecraft:brown_terracotta":18,"minecraft:oak_fence":2,"born_in_chaos_v1:phantom_powder":6,"minecraft:torch":195,"minecraft:spruce_stairs":4,"minecraft:pointed_dripstone":3,"minecraft:diorite":114,"born_in_chaos_v1:nightmare_claw":2,"graveyard:dark_iron_trapdoor":28,"born_in_chaos_v1:damned_demomans_hat_helmet":4,"minecraft:cactus":6,"minecraft:rotten_flesh":590,"graveyard:gray_urn":4,"gnumus:gnumus_chickpeas":12,"alexsmobs:emu_egg":24,"minecraft:deepslate_brick_stairs":47,"minecraft:obsidian":4,"minecraft:cod":1,"undead_revamp2:arapholia":2,"minecraft:blaze_powder":1,"minecraft:cobblestone":927,"gnumus:gnumus_doubloons":9,"minecraft:lilac":1,"minecraft:magma_cream":1,"minecraft:andesite":183,"gnumus:overripe_carrot":2,"minecraft:black_bed":1,"minecraft:chiseled_quartz_block":5,"minecraft:potato":3,"minecraft:tuff":40,"undead_revamp2:huntereye":1,"minecraft:lapis_lazuli":191,"minecraft:dirt":100,"minecraft:polished_granite":1,"born_in_chaos_v1:monster_skin":19,"minecraft:glass":1,"minecraft:bone":405,"minecraft:acacia_planks":1,"minecraft:bow":6,"minecraft:wheat_seeds":138,"minecraft:cobbled_deepslate_wall":9,"minecraft:deepslate_brick_slab":27,"minecraft:raw_gold":193,"minecraft:cobbled_deepslate_slab":2,"minecraft:bell":1,"minecraft:mossy_stone_bricks":2,"minecraft:fletching_table":7,"minecraft:bamboo":168,"minecraft:powered_rail":3,"minecraft:oak_planks":4,"minecraft:mossy_stone_brick_stairs":2,"minecraft:pink_concrete":5,"minecraft:music_disc_13":1,"minecraft:poisonous_potato":1,"minecraft:sand":309,"minecraft:jungle_planks":49,"minecraft:cyan_bed":3,"minecraft:chiseled_sandstone":2,"minecraft:orange_wool":1,"sons_of_sins:flesh_of_demise":3,"minecraft:mossy_cobblestone":10,"minecraft:light_gray_concrete":3,"minecraft:light_gray_terracotta":30,"born_in_chaos_v1:fire_dust":2,"minecraft:diamond":41,"minecraft:black_concrete":2,"gnumus:gnumus_clay":45,"alexsmobs:rattlesnake_rattle":1,"minecraft:golden_apple":2,"minecraft:emerald":2,"minecraft:oak_sapling":14,"minecraft:netherrack":238,"minecraft:andesite_slab":12,"undead_revamp2:bostroxingot":3,"born_in_chaos_v1:diamond_termite_shard":4,"minecraft:chicken":8,"minecraft:chest_minecart":2,"minecraft:packed_ice":2,"alexsmobs:roadrunner_feather":6,"minecraft:stone_brick_wall":1,"minecraft:chain":7,"minecraft:shield":1,"minecraft:moss_carpet":4,"minecraft:iron_axe":2,"minecraft:orange_concrete":19,"minecraft:birch_fence":1,"minecraft:cyan_carpet":1,"minecraft:blue_orchid":1,"graveyard:corruption":1104,"golems:golem_head":11,"minecraft:oak_boat":1,"immersive_melodies:trumpet":1,"minecraft:lectern":2,"minecraft:sugar_cane":4,"minecraft:phantom_membrane":14,"minecraft:stripped_crimson_hyphae":2,"minecraft:raw_iron":140,"minecraft:copper_ingot":3,"minecraft:bowl":1,"born_in_chaos_v1:charmof_endurance":6,"minecraft:light_blue_bed":1,"minecraft:dark_oak_planks":3,"minecraft:smooth_sandstone_slab":1,"minecraft:arrow":317,"alexscaves:spelunkery_table":1,"minecraft:skeleton_skull":2,"born_in_chaos_v1:fused_bone":7,"minecraft:cracked_deepslate_tiles":33,"born_in_chaos_v1:corpse_maggot":49,"minecraft:air":0,"minecraft:jungle_boat":1,"minecraft:golden_carrot":3,"born_in_chaos_v1:darkwarblade":2,"minecraft:glow_ink_sac":19,"minecraft:salmon":8,"minecraft:cut_sandstone":2,"minecraft:leather":4,"minecraft:ice":10,"minecraft:chainmail_chestplate":1,"minecraft:cobbled_deepslate_stairs":1,"minecraft:gunpowder":99,"minecraft:orange_terracotta":78,"born_in_chaos_v1:intoxicating_dagger":3,"gnumus:gnumus_horn":8,"minecraft:red_sandstone":2,"minecraft:iron_ingot":46,"arphex:burning_glands":8,"born_in_chaos_v1:chipped_black_argillite_brick":1,"minecraft:soul_sand":52,"sophisticatedbackpacks:diamond_backpack":5,"minecraft:book":45,"minecraft:scaffolding":6,"minecraft:oak_slab":7,"minecraft:pumpkin":5,"born_in_chaos_v1:lifestealer_bone":11,"minecraft:stone_brick_slab":4,"minecraft:raw_iron_block":4,"minecraft:dripstone_block":27,"born_in_chaos_v1:dark_rod":8,"minecraft:amethyst_shard":8,"minecraft:spider_eye":21,"undead_revamp2:rawbostrox":5,"alexsmobs:raw_catfish":2,"minecraft:pumpkin_seeds":22,"minecraft:iron_helmet":4,"minecraft:cherry_sapling":2,"minecraft:terracotta":194,"minecraft:damaged_anvil":1,"minecraft:coal":267}},"DataVersion":3465}