{"stats":{"minecraft:killed":{"minecraft:cave_spider":1,"born_in_chaos_v1:restless_spirit":10,"born_in_chaos_v1:zombie_lumberjack":6,"born_in_chaos_v1:skeleton_demoman":3,"enemyexpansion:equestrian":14,"undead_revamp2:clogger":1,"undead_revamp2:axestrom":2,"graveyard:wraith":13,"born_in_chaos_v1:siamese_skeletonsright":3,"born_in_chaos_v1:baby_skeleton_minion":4,"undead_revamp2:theswarmer":7,"minecraft:skeleton":110,"undead_revamp2:deadclogger":1,"graveyard:acolyte":7,"minecraft:chicken":1,"born_in_chaos_v1:skeleton_thrasher":1,"alexsmobs:centipede_head":1,"arphex:ant_arsonist":3,"undead_revamp2:thepregnant":3,"undead_revamp2:thespitter":12,"enemyexpansion:vampflyer":2,"arphex:spider_moth_larvae":1,"arphex:spider_larvae_tiny":7,"minecraft:salmon":8,"mutantmonsters:mutant_skeleton":2,"arphex:centipede_evictor_larvae":1,"minecraft:pillager":7,"minecraft:zombie":72,"enemyexpansion:vampire":1,"born_in_chaos_v1:corpse_fly":33,"enemyexpansion:botfly":14,"boh:seed_eater":1,"born_in_chaos_v1:door_knight":6,"mutantmonsters:mutant_creeper":2,"arphex:spider_larvae":4,"minecraft:cow":2,"enemyexpansion:trollenraged":1,"undead_revamp2:thehunter":5,"undead_revamp2:theimmortal":6,"graveyard:corrupted_vindicator":659,"undead_revamp2:bomber":5,"arphex:beetle_tick_mite":2,"arphex:hornet_harbinger":6,"enemyexpansion:silverqueen":1,"gnumus:gnumus_hunter":44,"undead_revamp2:thebidy":4,"born_in_chaos_v1:barrel_zombie":1,"enemyexpansion:scorpion":10,"the_knocker:knockerdeadanimal":2,"born_in_chaos_v1:spiritof_chaos":6,"born_in_chaos_v1:spirit_guide":7,"minecraft:husk":11,"alexsmobs:guster":10,"undead_revamp2:the_moonflower":30,"enemyexpansion:sprinter":9,"born_in_chaos_v1:decrepit_skeleton":36,"alexsmobs:catfish":2,"undead_revamp2:thesomnolence":6,"mutantmonsters:creeper_minion":1,"born_in_chaos_v1:dark_vortex":7,"minecraft:enderman":2,"undead_revamp2:thewolf":4,"born_in_chaos_v1:zombie_clown":7,"graveyard:skeleton_creeper":5,"minecraft:spider":40,"arphex:teleport_ghost":1,"undead_revamp2:thesmoker":10,"born_in_chaos_v1:scarlet_persecutor":3,"minecraft:silverfish":3,"undead_revamp2:therod":4,"born_in_chaos_v1:firelight_not_despawn":1,"born_in_chaos_v1:bonescaller":1,"minecraft:zombie_villager":5,"born_in_chaos_v1:diamond_termite":2,"undead_revamp2:thebeartamer":2,"minecraft:creeper":31,"born_in_chaos_v1:zombie_fisherman":3,"born_in_chaos_v1:dread_hound":21,"minecraft:stray":17,"alexsmobs:fly":1,"cave_dweller:cave_dweller":1,"graveyard:corrupted_pillager":25,"apollyon:the_damned":7,"born_in_chaos_v1:siamese_skeletonsleft":2,"minecraft:blaze":12,"born_in_chaos_v1:missioner":2,"alexsmobs:tarantula_hawk":1,"undead_revamp2:thegliter":1,"minecraft:giant":2,"enemyexpansion:intruder":2,"enemyexpansion:direwolf":41,"alexsmobs:rattlesnake":5,"born_in_chaos_v1:zombie_bruiser":13,"born_in_chaos_v1:maggot":44,"undead_revamp2:coppertar":4,"they_watch_from_the_mist:them_aggro":1,"minecraft:drowned":2,"born_in_chaos_v1:corpse_fish":2,"undead_revamp2:sucker":3,"enemyexpansion:starved":6,"born_in_chaos_v1:fallen_chaos_knight":3,"born_in_chaos_v1:baby_skeleton":23,"born_in_chaos_v1:swarmer":3,"born_in_chaos_v1:spirit_guide_assistant":24,"minecraft:bat":1,"enemyexpansion:troll":1,"enemyexpansion:crawler":3,"born_in_chaos_v1:phantom_creeper_copy":2,"born_in_chaos_v1:decaying_zombie":2,"alexsmobs:cockroach":1,"sons_of_sins:betrayed_guzzler":3,"enemyexpansion:huntsman":7,"born_in_chaos_v1:nightmare_stalker":1,"minecraft:wither_skeleton":12,"enemyexpansion:slugger":4},"minecraft:dropped":{"minecraft:iron_sword":2,"minecraft:lapis_lazuli":10,"gnumus:overripe_carrot":2,"minecraft:glow_ink_sac":1,"minecraft:glass_bottle":1,"minecraft:diamond":2,"minecraft:sandstone_stairs":1,"minecraft:mossy_stone_brick_stairs":1,"born_in_chaos_v1:pieceofdarkmetal":6,"graveyard:corruption":188,"born_in_chaos_v1:damned_demomans_hat_helmet":2,"sophisticatedbackpacks:gold_backpack":2,"born_in_chaos_v1:monster_flesh":1,"minecraft:dirt":20,"minecraft:cracked_deepslate_tiles":2,"minecraft:chain":3,"minecraft:bone_block":1,"minecraft:sand":25,"minecraft:iron_pickaxe":2,"undead_revamp2:blacpetalblock":1,"minecraft:fermented_spider_eye":2,"minecraft:bone":13,"graveyard:dark_iron_trapdoor":9,"minecraft:stone_axe":3,"minecraft:sugar_cane":4,"minecraft:iron_nugget":11,"minecraft:cobbled_deepslate":83,"alexsmobs:animal_dictionary":1,"minecraft:wheat":5,"minecraft:rotten_flesh":134,"alexsmobs:emu_egg":3,"minecraft:salmon":1,"minecraft:deepslate_tiles":1,"farmersdelight:rope":7,"gnumus:gnumus_pouch":1,"minecraft:glass":1,"born_in_chaos_v1:marigolds":7,"minecraft:egg":6,"farmersdelight:tomato_seeds":4,"minecraft:iron_ingot":2,"minecraft:wheat_seeds":10,"minecraft:dripstone_block":3,"minecraft:cobbled_deepslate_wall":8,"minecraft:iron_helmet":6,"minecraft:feather":2,"minecraft:cobblestone":10,"born_in_chaos_v1:charmof_endurance":2,"minecraft:polished_andesite":2,"born_in_chaos_v1:gnawed_bones":1,"minecraft:wooden_axe":1,"minecraft:brown_terracotta":4,"minecraft:red_dye":2,"minecraft:string":27,"minecraft:stone_brick_slab":2,"born_in_chaos_v1:nightmare_scythe":1,"minecraft:furnace":1,"minecraft:moss_carpet":4,"minecraft:bowl":3,"minecraft:deepslate":2,"minecraft:clay_ball":2,"minecraft:iron_boots":1,"sophisticatedbackpacks:backpack":2,"minecraft:white_terracotta":2,"minecraft:cobbled_deepslate_slab":1,"minecraft:pumpkin_seeds":22,"minecraft:diamond_sword":6,"minecraft:potato":2,"minecraft:stone":1,"minecraft:diamond_pickaxe":5,"minecraft:spider_eye":8,"minecraft:stone_bricks":2,"minecraft:sandstone":36,"minecraft:red_sand":42,"minecraft:bow":7,"graveyard:dark_iron_bars":2,"minecraft:terracotta":35,"minecraft:diamond_axe":2,"minecraft:oak_log":1,"minecraft:sandstone_slab":1,"minecraft:jungle_planks":40,"born_in_chaos_v1:pileof_dark_metal":1,"minecraft:cod":1,"minecraft:flint":1,"born_in_chaos_v1:monster_skin":1,"born_in_chaos_v1:darkwarblade":1,"gravestone:obituary":387,"minecraft:pumpkin_pie":34,"minecraft:birch_log":2,"enemyexpansion:horsehead_helmet":1,"minecraft:spyglass":3,"born_in_chaos_v1:ethereal_spirit":1,"minecraft:carrot":3,"minecraft:sandstone_wall":4,"born_in_chaos_v1:seedof_chaos":3,"minecraft:gunpowder":27,"born_in_chaos_v1:chipped_black_argillite_brick":1,"born_in_chaos_v1:corpse_maggot":13,"minecraft:melon_seeds":3,"minecraft:stone_brick_wall":1,"minecraft:iron_bars":1,"minecraft:arrow":575,"alexsmobs:banana":1,"minecraft:scaffolding":2,"minecraft:netherrack":4,"born_in_chaos_v1:dark_rod":1,"minecraft:water_bucket":1,"minecraft:bread":2,"minecraft:oak_slab":2,"minecraft:poisonous_potato":1,"minecraft:golden_axe":1,"minecraft:amethyst_block":1,"minecraft:copper_ingot":2,"minecraft:spruce_stairs":4,"minecraft:acacia_log":2,"minecraft:stick":9,"minecraft:diorite":29,"minecraft:torch":68,"minecraft:zombie_head":1,"minecraft:iron_leggings":3,"minecraft:wither_rose":7,"minecraft:iron_axe":1,"sophisticatedbackpacks:crafting_upgrade":1,"minecraft:bucket":1,"minecraft:redstone":27,"alexsmobs:maggot":7,"minecraft:coarse_dirt":1,"minecraft:blaze_rod":1,"minecraft:raw_copper":2,"minecraft:light_gray_terracotta":4,"minecraft:tuff":9,"minecraft:flint_and_steel":1,"minecraft:filled_map":1,"graveyard:small_light_gray_urn":1,"minecraft:shield":1,"farmersdelight:flint_knife":1,"gnumus:gnumus_clay":5,"minecraft:orange_terracotta":38,"minecraft:iron_chestplate":3,"minecraft:andesite":106,"born_in_chaos_v1:intoxicating_dagger":3,"minecraft:oak_sapling":2,"born_in_chaos_v1:nightmare_mantleofthe_night_helmet":1,"minecraft:slime_ball":6,"minecraft:spruce_log":2,"minecraft:wooden_pickaxe":1,"gnumus:hearty_dinner":1},"minecraft:picked_up":{"minecraft:iron_chestplate":1,"minecraft:creeper_head":1,"minecraft:suspicious_stew":2,"minecraft:smithing_table":1,"minecraft:diamond_sword":8,"minecraft:brown_bed":2,"minecraft:wither_rose":16,"minecraft:enchanted_book":19,"minecraft:brewing_stand":1,"minecraft:amethyst_block":4,"minecraft:string":77,"minecraft:soul_soil":11,"graveyard:sarcophagus":1,"alexsmobs:emu_feather":2,"minecraft:diamond_leggings":1,"minecraft:cobbled_deepslate":1435,"bosses_of_mass_destruction:soul_star":5,"minecraft:spruce_planks":9,"minecraft:melon_slice":27,"minecraft:coal_block":4,"wstweaks:fragment":4,"born_in_chaos_v1:shattered_skull":5,"minecraft:jukebox":1,"minecraft:composter":1,"minecraft:acacia_log":11,"minecraft:sandstone_wall":4,"minecraft:cherry_log":4,"minecraft:warped_planks":2,"minecraft:deepslate_tile_stairs":1,"minecraft:black_dye":4,"minecraft:light_gray_bed":1,"artifacts:villager_hat":4,"farmersdelight:rope":15,"minecraft:white_terracotta":3,"minecraft:blaze_rod":5,"minecraft:iron_bars":6,"minecraft:birch_log":4,"born_in_chaos_v1:staffof_magic_arrows":2,"minecraft:magma_block":7,"minecraft:oxidized_copper":12,"minecraft:feather":2,"minecraft:cooked_beef":6,"born_in_chaos_v1:spiritual_dust":1,"minecraft:birch_slab":1,"minecraft:water_bucket":1,"minecraft:jungle_log":1634,"minecraft:jungle_wood":2,"minecraft:smoker":3,"minecraft:flint":11,"golems:golem_spell":1,"minecraft:magenta_bed":1,"minecraft:gray_concrete":1,"minecraft:lantern":1,"born_in_chaos_v1:nightmare_stalker_skull":1,"gnumus:gnumus_pouch_2":8,"born_in_chaos_v1:marigolds":10,"minecraft:chipped_anvil":1,"undead_revamp2:blacpetalblock":2,"minecraft:diamond_helmet":1,"alexsmobs:crocodile_egg":1,"minecraft:fermented_spider_eye":3,"minecraft:polished_andesite":2,"minecraft:white_candle":5,"alexsmobs:guster_eye":4,"minecraft:deepslate":2,"born_in_chaos_v1:nightmare_scythe":1,"minecraft:granite":71,"minecraft:bread":63,"alexsmobs:maggot":9,"born_in_chaos_v1:rotten_fish":5,"minecraft:dark_oak_fence":1,"minecraft:bricks":11,"minecraft:crafting_table":4,"minecraft:diamond_pickaxe":7,"sophisticatedbackpacks:gold_backpack":4,"minecraft:coarse_dirt":8,"minecraft:sandstone_slab":4,"minecraft:nether_wart":1,"minecraft:clay_ball":2,"born_in_chaos_v1:seedof_chaos":16,"gravestone:obituary":153,"minecraft:red_bed":1,"born_in_chaos_v1:intoxicating_decoction":13,"minecraft:iron_shovel":1,"minecraft:cracked_stone_bricks":1,"minecraft:beef":9,"born_in_chaos_v1:gnawed_bones":6,"minecraft:cyan_wool":1,"minecraft:jungle_sapling":105,"minecraft:iron_nugget":11,"minecraft:chest":7,"minecraft:egg":9,"minecraft:sandstone":79,"minecraft:stone":1,"gnumus:juicy_meat":2,"sophisticatedbackpacks:crafting_upgrade":1,"sophisticatedbackpacks:backpack":7,"minecraft:spruce_fence":1,"farmersdelight:tomato_seeds":5,"graveyard:dark_iron_bars":2,"born_in_chaos_v1:pieceofdarkmetal":54,"minecraft:carrot":7,"minecraft:redstone":110,"minecraft:diamond_chestplate":1,"minecraft:deepslate_bricks":86,"minecraft:diamond_boots":1,"minecraft:purpur_slab":11,"minecraft:hay_block":102,"minecraft:sandstone_stairs":1,"minecraft:cracked_deepslate_bricks":62,"minecraft:gold_ingot":7,"artifacts:pocket_piston":1,"sophisticatedbackpacks:copper_backpack":1,"gnumus:mouse_skin":12,"minecraft:glow_berries":8,"minecraft:mutton":6,"minecraft:white_wool":3,"minecraft:stripped_oak_log":2,"enemyexpansion:horsehead_helmet":2,"born_in_chaos_v1:monster_flesh":20,"minecraft:yellow_dye":2,"minecraft:acacia_wood":9,"gnumus:gnumus_pouch":18,"minecraft:filled_map":2,"graveyard:small_light_gray_urn":1,"minecraft:oak_log":33,"enemyexpansion:scorpion_tail":2,"minecraft:paper":2,"minecraft:apple":1,"minecraft:stone_bricks":7,"minecraft:kelp":408,"alexsmobs:cockroach_wing_fragment":1,"minecraft:cobweb":56,"minecraft:glass_bottle":3,"minecraft:gray_bed":3,"minecraft:iron_sword":3,"minecraft:sweet_berries":45,"minecraft:yellow_concrete":7,"minecraft:red_wool":16,"born_in_chaos_v1:ethereal_spirit":26,"minecraft:spyglass":4,"minecraft:gravel":74,"minecraft:spruce_log":7,"minecraft:crying_obsidian":1,"gnumus:hearty_dinner":1,"minecraft:purple_bed":2,"minecraft:slime_ball":40,"minecraft:stone_axe":3,"minecraft:diamond_axe":4,"minecraft:oak_button":2,"minecraft:baked_potato":3,"minecraft:melon_seeds":3,"minecraft:ender_pearl":6,"minecraft:wheat":17,"gnumus:gnumus_claw":35,"minecraft:stone_brick_stairs":3,"born_in_chaos_v1:black_argillite":2,"minecraft:raw_copper":86,"minecraft:smooth_stone_slab":4,"minecraft:iron_leggings":1,"minecraft:experience_bottle":4,"minecraft:zombie_head":2,"minecraft:oak_sign":25,"minecraft:deepslate_tiles":62,"minecraft:red_sand":182,"minecraft:smooth_stone":12,"alexsmobs:banana":21,"minecraft:bucket":1,"born_in_chaos_v1:nightmare_mantleofthe_night_helmet":1,"minecraft:red_dye":2,"minecraft:rose_bush":9,"minecraft:cobblestone_slab":2,"minecraft:ender_eye":1,"minecraft:smooth_quartz":5,"minecraft:iron_pickaxe":3,"born_in_chaos_v1:stimulating_decoction":4,"minecraft:furnace":1,"minecraft:tipped_arrow":6,"minecraft:stick":209,"minecraft:jungle_door":2,"minecraft:deepslate_brick_wall":6,"minecraft:brown_terracotta":16,"minecraft:oak_fence":2,"born_in_chaos_v1:phantom_powder":2,"minecraft:torch":193,"minecraft:spruce_stairs":4,"minecraft:pointed_dripstone":3,"minecraft:diorite":88,"born_in_chaos_v1:nightmare_claw":2,"graveyard:dark_iron_trapdoor":25,"born_in_chaos_v1:damned_demomans_hat_helmet":4,"minecraft:cactus":5,"minecraft:rotten_flesh":510,"graveyard:gray_urn":4,"gnumus:gnumus_chickpeas":12,"alexsmobs:emu_egg":24,"minecraft:deepslate_brick_stairs":47,"minecraft:obsidian":4,"minecraft:cod":1,"undead_revamp2:arapholia":2,"minecraft:blaze_powder":1,"minecraft:cobblestone":846,"gnumus:gnumus_doubloons":9,"minecraft:magma_cream":1,"minecraft:andesite":158,"gnumus:overripe_carrot":2,"minecraft:black_bed":1,"minecraft:chiseled_quartz_block":5,"minecraft:potato":3,"minecraft:tuff":40,"undead_revamp2:huntereye":1,"minecraft:lapis_lazuli":191,"minecraft:dirt":99,"born_in_chaos_v1:monster_skin":18,"minecraft:glass":1,"minecraft:bone":360,"minecraft:acacia_planks":1,"minecraft:bow":6,"minecraft:wheat_seeds":10,"minecraft:cobbled_deepslate_wall":9,"minecraft:deepslate_brick_slab":27,"minecraft:raw_gold":166,"minecraft:cobbled_deepslate_slab":2,"minecraft:bell":1,"minecraft:mossy_stone_bricks":2,"minecraft:fletching_table":7,"minecraft:bamboo":168,"minecraft:powered_rail":3,"minecraft:oak_planks":4,"minecraft:mossy_stone_brick_stairs":2,"minecraft:pink_concrete":5,"minecraft:music_disc_13":1,"minecraft:poisonous_potato":1,"minecraft:sand":254,"minecraft:jungle_planks":49,"minecraft:cyan_bed":2,"minecraft:chiseled_sandstone":2,"minecraft:orange_wool":1,"sons_of_sins:flesh_of_demise":3,"minecraft:mossy_cobblestone":6,"minecraft:light_gray_concrete":3,"minecraft:light_gray_terracotta":26,"born_in_chaos_v1:fire_dust":2,"minecraft:diamond":39,"minecraft:black_concrete":2,"gnumus:gnumus_clay":45,"alexsmobs:rattlesnake_rattle":1,"minecraft:golden_apple":2,"minecraft:emerald":2,"minecraft:oak_sapling":14,"minecraft:netherrack":238,"undead_revamp2:bostroxingot":3,"born_in_chaos_v1:diamond_termite_shard":4,"minecraft:chicken":7,"minecraft:chest_minecart":1,"minecraft:packed_ice":2,"minecraft:stone_brick_wall":1,"minecraft:chain":5,"minecraft:shield":1,"minecraft:moss_carpet":4,"minecraft:iron_axe":2,"minecraft:orange_concrete":19,"minecraft:birch_fence":1,"minecraft:cyan_carpet":1,"minecraft:blue_orchid":1,"graveyard:corruption":780,"golems:golem_head":4,"minecraft:oak_boat":1,"minecraft:lectern":2,"minecraft:sugar_cane":4,"minecraft:phantom_membrane":3,"minecraft:stripped_crimson_hyphae":2,"minecraft:raw_iron":140,"minecraft:copper_ingot":3,"minecraft:bowl":1,"born_in_chaos_v1:charmof_endurance":6,"minecraft:light_blue_bed":1,"minecraft:dark_oak_planks":3,"minecraft:smooth_sandstone_slab":1,"minecraft:arrow":284,"alexscaves:spelunkery_table":1,"minecraft:skeleton_skull":2,"born_in_chaos_v1:fused_bone":7,"minecraft:cracked_deepslate_tiles":33,"born_in_chaos_v1:corpse_maggot":43,"minecraft:air":0,"minecraft:jungle_boat":1,"minecraft:golden_carrot":2,"born_in_chaos_v1:darkwarblade":1,"minecraft:glow_ink_sac":13,"minecraft:salmon":8,"minecraft:cut_sandstone":1,"minecraft:leather":4,"minecraft:ice":10,"minecraft:cobbled_deepslate_stairs":1,"minecraft:gunpowder":90,"minecraft:orange_terracotta":71,"born_in_chaos_v1:intoxicating_dagger":3,"gnumus:gnumus_horn":7,"minecraft:red_sandstone":2,"minecraft:iron_ingot":39,"arphex:burning_glands":4,"born_in_chaos_v1:chipped_black_argillite_brick":1,"minecraft:soul_sand":29,"sophisticatedbackpacks:diamond_backpack":5,"minecraft:book":45,"minecraft:scaffolding":6,"minecraft:oak_slab":7,"minecraft:pumpkin":5,"born_in_chaos_v1:lifestealer_bone":11,"minecraft:stone_brick_slab":4,"minecraft:raw_iron_block":4,"minecraft:dripstone_block":27,"born_in_chaos_v1:dark_rod":8,"minecraft:amethyst_shard":8,"minecraft:spider_eye":21,"undead_revamp2:rawbostrox":2,"alexsmobs:raw_catfish":2,"minecraft:pumpkin_seeds":22,"minecraft:iron_helmet":4,"minecraft:cherry_sapling":2,"minecraft:terracotta":165,"minecraft:damaged_anvil":1,"minecraft:coal":253},"minecraft:killed_by":{"born_in_chaos_v1:decaying_zombie_not_despawn":1,"arphex:spider_moth_dweller":2,"undead_revamp2:the_moonflower":4,"born_in_chaos_v1:nightmare_stalker":4,"minecraft:pillager":19,"enemyexpansion:slugger":1,"graveyard:acolyte":4,"enemyexpansion:huntsman":2,"mutantmonsters:mutant_creeper":2,"sons_of_sins:betrayed_guzzler":3,"they_watch_from_the_mist:them_aggro":2,"gnumus:gnumus_hunter":1,"enemyexpansion:scorpion":5,"minecraft:zombie":12,"undead_revamp2:thepregnant":1,"enemyexpansion:invisicreeper":4,"undead_revamp2:theimmortal":1,"minecraft:stray":1,"mutantmonsters:mutant_enderman":1,"arphex:spider_larvae":3,"alexsmobs:guster":1,"alexsmobs:centipede_head":1,"enemyexpansion:botfly":1,"enemyexpansion:direwolf":2,"graveyard:corrupted_pillager":3,"cave_dweller:cave_dweller":6,"arphex:centipede_stalker":2,"undead_revamp2:sucker":4,"minecraft:wither_skeleton":2,"minecraft:creeper":4,"born_in_chaos_v1:spirit_guide":1,"born_in_chaos_v1:zombie_bruiser":5,"born_in_chaos_v1:corpse_fly":4,"minecraft:drowned":1,"undead_revamp2:clogger":3,"enemyexpansion:sprinter":1,"minecraft:silverfish":1,"minecraft:blaze":1,"born_in_chaos_v1:spirit_guide_assistant":2,"undead_revamp2:thesmoker":1,"graveyard:wraith":2,"minecraft:player":1,"enemyexpansion:trollenraged":1,"minecraft:spider":1,"enemyexpansion:equestrian":1,"undead_revamp2:thehorrors":2,"undead_revamp2:thehunter":4,"apollyon:the_damned":15,"minecraft:skeleton":38,"graveyard:corrupted_vindicator":33,"arphex:spider_moth_larvae":6},"minecraft:mined":{"minecraft:dark_oak_planks":2,"graveyard:gray_urn":4,"minecraft:cherry_log":3,"minecraft:jungle_leaves":171,"minecraft:obsidian":1,"minecraft:granite":51,"minecraft:red_sand":26,"minecraft:acacia_log":4,"minecraft:stone_brick_wall":1,"minecraft:jungle_log":1641,"minecraft:light_gray_bed":1,"minecraft:coal_block":4,"minecraft:deepslate_bricks":87,"minecraft:purpur_slab":6,"minecraft:oak_wall_sign":2,"minecraft:nether_wart":1,"minecraft:spawner":28,"minecraft:orange_concrete":20,"minecraft:tall_seagrass":5,"minecraft:magma_block":9,"minecraft:cobbled_deepslate":487,"minecraft:fire":8,"minecraft:pumpkin":6,"minecraft:deepslate_lapis_ore":14,"minecraft:fletching_table":7,"minecraft:light_gray_concrete":4,"minecraft:deepslate_brick_stairs":48,"minecraft:blue_orchid":1,"minecraft:jungle_trapdoor":2,"minecraft:red_bed":1,"minecraft:kelp_plant":58,"graveyard:dark_iron_trapdoor":20,"minecraft:deepslate_brick_wall":6,"minecraft:smoker":3,"minecraft:torch":21,"minecraft:oxidized_copper":4,"minecraft:melon":5,"minecraft:dead_bush":30,"minecraft:cyan_bed":1,"minecraft:damaged_anvil":1,"minecraft:bricks":11,"minecraft:amethyst_block":3,"minecraft:white_terracotta":5,"minecraft:chain":1,"minecraft:cyan_wool":2,"minecraft:jungle_wood":2,"minecraft:light_gray_stained_glass":6,"minecraft:magenta_bed":1,"minecraft:jukebox":1,"minecraft:black_bed":1,"minecraft:stone_brick_stairs":3,"minecraft:grass":9,"minecraft:smooth_quartz":7,"minecraft:yellow_stained_glass":1,"minecraft:deepslate":941,"minecraft:deepslate_tiles":65,"minecraft:mossy_cobblestone":1,"minecraft:cobbled_deepslate_slab":1,"minecraft:dark_oak_fence":1,"minecraft:jungle_planks":18,"born_in_chaos_v1:black_argillite":2,"graveyard:tg_deepslate":1,"minecraft:kelp":9,"minecraft:black_stained_glass_pane":1,"minecraft:redstone_ore":4,"minecraft:acacia_wood":9,"minecraft:andesite":41,"minecraft:mossy_stone_brick_stairs":1,"minecraft:cobblestone_slab":2,"minecraft:vine":142,"minecraft:white_wool":3,"minecraft:smithing_table":1,"minecraft:oak_slab":7,"minecraft:gray_concrete":2,"minecraft:soul_sand":31,"minecraft:stone_brick_slab":2,"minecraft:cobbled_deepslate_wall":9,"minecraft:copper_ore":13,"minecraft:tall_grass":2,"farmersdelight:wild_tomatoes":1,"minecraft:deepslate_gold_ore":101,"minecraft:cracked_deepslate_bricks":63,"minecraft:diorite":64,"minecraft:purple_bed":1,"minecraft:coarse_dirt":4,"graveyard:vase_block":5,"minecraft:light_blue_bed":1,"minecraft:spruce_log":2,"minecraft:gravel":69,"minecraft:dripstone_block":12,"minecraft:cobweb":20,"minecraft:brown_terracotta":11,"minecraft:acacia_planks":5,"minecraft:stone_bricks":1,"minecraft:gold_ore":8,"minecraft:chipped_anvil":1,"minecraft:fern":1,"minecraft:spruce_planks":1,"minecraft:cobbled_deepslate_stairs":1,"minecraft:orange_wool":3,"minecraft:brewing_stand":1,"minecraft:grass_block":13,"minecraft:soul_soil":6,"minecraft:composter":1,"minecraft:smooth_stone":11,"minecraft:iron_ore":40,"minecraft:brown_bed":2,"minecraft:pointed_dripstone":6,"minecraft:iron_bars":4,"minecraft:deepslate_redstone_ore":25,"minecraft:jungle_door":1,"minecraft:orange_terracotta":9,"minecraft:chiseled_quartz_block":6,"minecraft:light_gray_terracotta":14,"minecraft:chest":8,"minecraft:cobblestone":224,"minecraft:oak_planks":4,"minecraft:wall_torch":46,"minecraft:deepslate_copper_ore":7,"minecraft:seagrass":2,"minecraft:warped_planks":1,"minecraft:smooth_stone_slab":3,"minecraft:cracked_deepslate_tiles":35,"minecraft:oak_log":25,"minecraft:dirt":52,"minecraft:sand":27,"structure_gel:dynamic_spawner":1,"minecraft:netherrack":190,"minecraft:oak_leaves":37,"alexscaves:spelunkery_table":1,"minecraft:crying_obsidian":1,"minecraft:tuff":24,"the_knocker:deadcow":4,"minecraft:deepslate_diamond_ore":10,"gravestone:gravestone":264,"minecraft:glow_lichen":1,"minecraft:sandstone":23,"minecraft:hay_block":88,"minecraft:deepslate_brick_slab":16,"minecraft:furnace":1,"minecraft:bookshelf":13,"minecraft:deepslate_iron_ore":99,"minecraft:stripped_oak_log":2,"minecraft:stone":473,"minecraft:scaffolding":3,"minecraft:red_wool":17,"graveyard:small_light_gray_urn":1,"minecraft:oak_fence":2,"minecraft:crafting_table":4,"minecraft:rose_bush":7,"minecraft:lapis_ore":7,"minecraft:sweet_berry_bush":1,"minecraft:gray_bed":2,"graveyard:dark_iron_bars":1,"minecraft:coal_ore":126,"minecraft:cherry_leaves":2,"minecraft:yellow_concrete":7,"graveyard:leaning_skeleton":1,"minecraft:cracked_stone_bricks":1,"minecraft:terracotta":106,"minecraft:mossy_stone_bricks":1,"minecraft:birch_fence":2},"minecraft:custom":{"minecraft:interact_with_crafting_table":173,"minecraft:open_barrel":114,"minecraft:bell_ring":87,"minecraft:leave_game":62,"minecraft:time_since_death":126330,"minecraft:damage_blocked_by_shield":3689,"minecraft:play_time":2491230,"minecraft:deaths":279,"minecraft:jump":34121,"minecraft:enchant_item":19,"minecraft:interact_with_furnace":125,"minecraft:traded_with_villager":774,"minecraft:interact_with_cartography_table":2,"minecraft:sleep_in_bed":28,"minecraft:waystone_activated":6,"minecraft:damage_dealt":145785,"minecraft:interact_with_smoker":4,"minecraft:interact_with_smithing_table":1,"minecraft:inspect_dispenser":1,"minecraft:horse_one_cm":138389,"minecraft:interact_with_anvil":15,"minecraft:inspect_hopper":3,"minecraft:damage_dealt_absorbed":233,"minecraft:sneak_time":53432,"minecraft:interact_with_lectern":2,"minecraft:interact_with_blast_furnace":5,"minecraft:total_world_time":2491230,"minecraft:tune_noteblock":3,"minecraft:time_since_rest":49407,"minecraft:swim_one_cm":361941,"minecraft:fly_one_cm":6877547,"minecraft:open_chest":1448,"minecraft:fall_one_cm":1069470,"minecraft:damage_resisted":28,"minecraft:sprint_one_cm":6265125,"minecraft:drop":779,"minecraft:talked_to_villager":216,"minecraft:interact_with_brewingstand":2,"minecraft:walk_on_water_one_cm":441192,"minecraft:interact_with_loom":5,"minecraft:open_enderchest":123,"minecraft:player_kills":6,"minecraft:crouch_one_cm":102267,"minecraft:mob_kills":1784,"minecraft:damage_dealt_resisted":11513,"minecraft:climb_one_cm":192751,"minecraft:walk_one_cm":4768157,"minecraft:walk_under_water_one_cm":278676,"minecraft:boat_one_cm":276677,"minecraft:interact_with_grindstone":8,"minecraft:damage_absorbed":3,"minecraft:damage_taken":109306},"minecraft:crafted":{"minecraft:melon":3,"minecraft:blaze_powder":2,"sophisticatedbackpacks:crafting_upgrade":1,"minecraft:bookshelf":11,"minecraft:deepslate_brick_stairs":4,"minecraft:glass":16,"minecraft:diamond_leggings":1,"sophisticatedbackpacks:tank_upgrade":1,"minecraft:tipped_arrow":5,"minecraft:iron_door":3,"minecraft:emerald":428,"minecraft:jungle_boat":1,"farmersdelight:flint_knife":1,"minecraft:sticky_piston":1,"minecraft:fletching_table":3,"minecraft:iron_pickaxe":2,"minecraft:gold_ingot":191,"minecraft:jungle_sign":3,"minecraft:golden_carrot":222,"minecraft:stone_shovel":1,"minecraft:bone_meal":294,"sophisticatedbackpacks:advanced_pump_upgrade":1,"minecraft:stone_pickaxe":3,"minecraft:diamond_boots":1,"minecraft:wheat":738,"sophisticatedbackpacks:gold_backpack":4,"minecraft:enchanted_book":8,"minecraft:wooden_axe":1,"minecraft:iron_leggings":12,"minecraft:oak_planks":60,"born_in_chaos_v1:dark_metal_ingot":3,"minecraft:hopper":1,"born_in_chaos_v1:dark_ritual_dagger":1,"minecraft:bow":9,"minecraft:iron_boots":7,"minecraft:chest":11,"minecraft:oak_button":2,"minecraft:ender_eye":1,"born_in_chaos_v1:pileof_dark_metal":4,"minecraft:oak_slab":18,"sophisticatedbackpacks:backpack":2,"minecraft:arrow":3577,"minecraft:crafting_table":15,"minecraft:spruce_planks":8,"minecraft:wooden_pickaxe":1,"minecraft:iron_helmet":8,"minecraft:birch_planks":8,"sophisticatedbackpacks:upgrade_base":3,"minecraft:dispenser":1,"sophisticatedbackpacks:xp_pump_upgrade":1,"minecraft:iron_chestplate":8,"minecraft:diamond_pickaxe":3,"minecraft:shield":1,"sophisticatedbackpacks:diamond_backpack":1,"minecraft:stick":11174,"minecraft:iron_ingot":277,"minecraft:stone_sword":2,"minecraft:cherry_planks":4,"minecraft:raw_iron":36,"minecraft:coal":36,"minecraft:furnace":9,"minecraft:piston":2,"minecraft:jungle_trapdoor":2,"born_in_chaos_v1:nightmare_mantleofthe_night_helmet":1,"minecraft:flint_and_steel":1,"born_in_chaos_v1:intoxicating_dagger":2,"born_in_chaos_v1:bone_handle":3,"minecraft:iron_axe":2,"sophisticatedbackpacks:iron_backpack":4,"minecraft:diamond_sword":2,"minecraft:iron_sword":1,"minecraft:bucket":8,"minecraft:stone_axe":1,"minecraft:air":0,"minecraft:bread":254,"minecraft:jungle_planks":6188,"sophisticatedbackpacks:pump_upgrade":1,"minecraft:pumpkin_pie":124,"minecraft:acacia_planks":76,"minecraft:torch":420,"minecraft:diamond_chestplate":1},"minecraft:broken":{"minecraft:iron_boots":7,"minecraft:iron_chestplate":4,"minecraft:iron_leggings":6,"born_in_chaos_v1:damned_demomans_hat_helmet":1,"minecraft:iron_axe":1,"minecraft:iron_helmet":7,"minecraft:stone_pickaxe":1,"minecraft:diamond_sword":1},"minecraft:used":{"alexsmobs:emu_egg":2,"minecraft:chest":14,"minecraft:rotten_flesh":5,"minecraft:soul_sand":6,"minecraft:orange_wool":1,"minecraft:cracked_deepslate_tiles":15,"minecraft:deepslate_brick_slab":5,"graveyard:dark_iron_trapdoor":4,"minecraft:jungle_sapling":56,"minecraft:red_wool":16,"minecraft:bow":3373,"minecraft:sweet_berries":35,"minecraft:furnace":9,"minecraft:egg":1,"minecraft:potato":1,"minecraft:damaged_anvil":1,"minecraft:deepslate_brick_wall":6,"minecraft:diorite":41,"minecraft:wooden_pickaxe":23,"minecraft:mossy_stone_brick_stairs":1,"minecraft:composter":1,"minecraft:jungle_boat":2,"minecraft:sand":78,"minecraft:deepslate_brick_stairs":46,"minecraft:birch_fence":1,"minecraft:deepslate_tiles":59,"minecraft:chiseled_sandstone":2,"born_in_chaos_v1:monster_flesh":3,"minecraft:birch_slab":1,"gnumus:gnumus_chickpeas":3,"born_in_chaos_v1:staffof_magic_arrows":7,"golems:golem_spell":1,"minecraft:diamond_sword":2281,"minecraft:smithing_table":1,"minecraft:ice":3,"gnumus:juicy_meat":2,"born_in_chaos_v1:dark_ritual_dagger":13,"minecraft:iron_bars":1,"minecraft:stone_sword":33,"minecraft:orange_concrete":17,"minecraft:netherrack":234,"minecraft:torch":519,"farmersdelight:flint_knife":7,"minecraft:jungle_trapdoor":2,"minecraft:iron_axe":307,"minecraft:jungle_log":49,"minecraft:smooth_quartz":3,"born_in_chaos_v1:intoxicating_dagger":550,"minecraft:orange_terracotta":7,"minecraft:cobbled_deepslate":1148,"minecraft:acacia_planks":8,"minecraft:water_bucket":16,"minecraft:fletching_table":10,"minecraft:deepslate_bricks":80,"minecraft:cracked_stone_bricks":1,"minecraft:oak_slab":9,"minecraft:crafting_table":18,"minecraft:red_bed":1,"minecraft:spruce_log":2,"minecraft:diamond_pickaxe":3539,"minecraft:oak_button":3,"minecraft:iron_pickaxe":220,"minecraft:suspicious_stew":2,"alexsmobs:crocodile_egg":1,"minecraft:cobblestone":464,"minecraft:purple_bed":2,"minecraft:sandstone_slab":3,"minecraft:kelp":152,"minecraft:red_sand":47,"minecraft:iron_shovel":169,"minecraft:oak_sign":7,"minecraft:shield":116,"minecraft:iron_sword":149,"minecraft:bell":1,"minecraft:jungle_planks":126,"minecraft:cyan_wool":1,"minecraft:honey_bottle":12,"born_in_chaos_v1:corpse_maggot":8,"graveyard:gray_urn":1,"minecraft:lantern":1,"minecraft:light_blue_bed":1,"minecraft:stone_bricks":2,"minecraft:hay_block":5,"minecraft:scaffolding":3,"minecraft:gray_bed":3,"minecraft:gold_block":4,"minecraft:stone_pickaxe":173,"minecraft:oak_planks":1,"minecraft:sandstone":18,"minecraft:diamond_axe":2007,"minecraft:white_wool":1,"alexscaves:cave_book":1,"minecraft:yellow_concrete":7,"minecraft:black_bed":1,"minecraft:bread":311,"minecraft:cyan_bed":2,"minecraft:iron_door":1,"minecraft:gravel":36,"minecraft:jungle_sign":2,"minecraft:andesite":33,"minecraft:smooth_stone_slab":2,"minecraft:coarse_dirt":4,"minecraft:bone_meal":128,"minecraft:cobweb":7,"minecraft:oak_fence":1,"graveyard:sarcophagus":1,"minecraft:cracked_deepslate_bricks":53,"minecraft:stone_shovel":43,"minecraft:spruce_planks":8,"minecraft:spyglass":22,"minecraft:dirt":70,"minecraft:hopper":1,"minecraft:granite":7,"minecraft:brown_terracotta":6,"minecraft:wooden_axe":8,"minecraft:stone_brick_slab":2,"minecraft:bookshelf":11,"alexscaves:spelunkery_table":1,"minecraft:golden_carrot":218,"minecraft:soul_soil":1,"minecraft:light_gray_bed":1,"minecraft:brown_bed":2,"minecraft:iron_leggings":1,"minecraft:glass_bottle":1,"minecraft:baked_potato":2,"minecraft:cut_sandstone":1,"minecraft:terracotta":75,"minecraft:magenta_bed":1,"minecraft:smoker":3,"minecraft:apple":1,"minecraft:stone_axe":19,"minecraft:bucket":17,"minecraft:pumpkin_pie":90}},"DataVersion":3465}