{"stats":{"minecraft:killed":{"arphex:mosquito_morbidity":1,"minecraft:cave_spider":8,"born_in_chaos_v1:restless_spirit":12,"born_in_chaos_v1:zombie_lumberjack":12,"born_in_chaos_v1:skeleton_demoman":3,"enemyexpansion:equestrian":8,"graveyard:wraith":15,"born_in_chaos_v1:siamese_skeletonsright":4,"born_in_chaos_v1:baby_skeleton_minion":3,"undead_revamp2:theswarmer":8,"minecraft:skeleton":140,"graveyard:acolyte":9,"minecraft:chicken":10,"arphex:spider_lurker":1,"born_in_chaos_v1:skeleton_thrasher":10,"arphex:ant_arsonist":3,"undead_revamp2:thepregnant":1,"born_in_chaos_v1:supreme_bonescaller_stage_2":3,"boh:rat":1,"undead_revamp2:thespitter":8,"enemyexpansion:vampflyer":1,"arphex:spider_moth_larvae":2,"minecraft:magma_cube":11,"arphex:spider_larvae_tiny":2,"minecraft:salmon":5,"undead_revamp2:theheavy":3,"mutantmonsters:mutant_skeleton":2,"born_in_chaos_v1:dread_hound_not_despawn":2,"arphex:centipede_evictor_larvae":2,"minecraft:pillager":32,"enemyexpansion:meature":1,"minecraft:zombie":106,"enemyexpansion:vampire":1,"born_in_chaos_v1:corpse_fly":73,"enemyexpansion:botfly":12,"boh:seed_eater":1,"alexsmobs:roadrunner":5,"born_in_chaos_v1:door_knight":12,"mutantmonsters:mutant_creeper":1,"arphex:spider_larvae":1,"minecraft:cow":67,"enemyexpansion:trollenraged":1,"undead_revamp2:thehunter":11,"undead_revamp2:theimmortal":7,"graveyard:corrupted_vindicator":136,"undead_revamp2:bomber":2,"boh:goji":1,"born_in_chaos_v1:dire_hound_leader":2,"enemyexpansion:faller":1,"mowziesmobs:ferrous_wroughtnaut":1,"arphex:hornet_harbinger":4,"enemyexpansion:silverqueen":1,"gnumus:gnumus_hunter":27,"undead_revamp2:thebidy":6,"alexsmobs:underminer":1,"alexsmobs:tusklin":1,"born_in_chaos_v1:barrel_zombie":1,"enemyexpansion:scorpion":26,"born_in_chaos_v1:spiritof_chaos":2,"born_in_chaos_v1:spirit_guide":4,"minecraft:husk":10,"alexsmobs:guster":33,"graveyard:ghoul":2,"born_in_chaos_v1:bone_imp_minion":34,"undead_revamp2:the_moonflower":46,"minecraft:rabbit":2,"enemyexpansion:sprinter":4,"born_in_chaos_v1:decrepit_skeleton":51,"gnumus:gnumus_merchant":1,"born_in_chaos_v1:bloody_gadfly":4,"undead_revamp2:thesomnolence":12,"alexsmobs:crocodile":1,"born_in_chaos_v1:dark_vortex":11,"minecraft:enderman":5,"born_in_chaos_v1:lifestealer_true_form":2,"undead_revamp2:thewolf":5,"born_in_chaos_v1:zombie_clown":7,"minecraft:witch":1,"minecraft:spider":55,"arphex:teleport_ghost":8,"alexsmobs:snow_leopard":3,"undead_revamp2:thesmoker":9,"born_in_chaos_v1:scarlet_persecutor":3,"minecraft:bee":2,"gnumus:pitcher_mousse":1,"minecraft:silverfish":16,"undead_revamp2:therod":9,"born_in_chaos_v1:firelight_not_despawn":12,"artifacts:mimic":2,"born_in_chaos_v1:bonescaller":4,"minecraft:pig":3,"alexsmobs:grizzly_bear":2,"born_in_chaos_v1:diamond_termite":15,"minecraft:zombie_villager":10,"arphex:maggot":1,"undead_revamp2:thebeartamer":4,"minecraft:creeper":43,"undead_revamp2:theordure":1,"undead_revamp2:thebidyupside":2,"born_in_chaos_v1:zombie_fisherman":3,"born_in_chaos_v1:dread_hound":28,"alexsmobs:terrapin":1,"minecraft:stray":2,"undead_revamp2:theskeeper":2,"alexsmobs:fly":1,"cave_dweller:cave_dweller":4,"graveyard:corrupted_pillager":203,"apollyon:the_damned":8,"born_in_chaos_v1:siamese_skeletonsleft":4,"minecraft:blaze":6,"arphex:hornet_harbinger_giant":1,"minecraft:vex":2,"born_in_chaos_v1:missioner":3,"alexsmobs:tarantula_hawk":1,"undead_revamp2:thegliter":1,"enemyexpansion:intruder":1,"minecraft:slime":3,"enemyexpansion:direwolf":48,"alexsmobs:rattlesnake":9,"born_in_chaos_v1:zombie_bruiser":15,"born_in_chaos_v1:maggot":73,"arphex:sun_scorpion_tiny":1,"they_watch_from_the_mist:them_aggro":2,"born_in_chaos_v1:corpse_fish":57,"minecraft:drowned":11,"undead_revamp2:thehorrors":6,"undead_revamp2:sucker":14,"born_in_chaos_v1:fallen_chaos_knight":4,"born_in_chaos_v1:baby_skeleton":15,"born_in_chaos_v1:swarmer":3,"born_in_chaos_v1:spirit_guide_assistant":12,"minecraft:bat":2,"bosses_of_mass_destruction:void_blossom":1,"minecraft:squid":19,"alexsmobs:emu":1,"enemyexpansion:crawler":1,"born_in_chaos_v1:phantom_creeper_copy":3,"sons_of_sins:betrayed_guzzler":1,"born_in_chaos_v1:bonescaller_not_despawn":2,"enemyexpansion:huntsman":14,"born_in_chaos_v1:nightmare_stalker":10,"minecraft:wither_skeleton":19,"enemyexpansion:slugger":6},"minecraft:dropped":{"sophisticatedbackpacks:iron_backpack":3,"minecraft:iron_sword":3,"gnumus:overripe_carrot":9,"minecraft:diamond":30,"minecraft:weeping_vines":1,"minecraft:cracked_stone_bricks":2,"minecraft:saddle":1,"born_in_chaos_v1:pieceofdarkmetal":19,"born_in_chaos_v1:nightmare_claw":1,"minecraft:rail":6,"graveyard:corruption":4,"sophisticatedbackpacks:gold_backpack":1,"minecraft:emerald":51,"golems:golem_head":4,"minecraft:dirt":5,"minecraft:birch_fence":2,"minecraft:stone_button":2,"minecraft:cracked_deepslate_tiles":6,"minecraft:chain":2,"minecraft:jungle_sapling":2,"minecraft:gold_nugget":224,"minecraft:writable_book":2,"minecraft:bone_meal":5,"minecraft:sand":7,"minecraft:iron_pickaxe":3,"born_in_chaos_v1:fired_black_argillite":2,"undead_revamp2:blacpetalblock":1,"minecraft:fermented_spider_eye":17,"minecraft:birch_stairs":3,"artifacts:cowboy_hat":1,"minecraft:bone":2,"graveyard:dark_iron_trapdoor":9,"minecraft:iron_nugget":290,"minecraft:cobbled_deepslate":26,"alexsmobs:crocodile_egg":1,"minecraft:birch_sapling":7,"minecraft:wheat":5,"minecraft:obsidian":4,"undead_revamp2:arapholia":6,"minecraft:deepslate_brick_slab":1,"minecraft:rotten_flesh":5,"minecraft:blaze_powder":5,"alexsmobs:emu_egg":11,"minecraft:deepslate_tiles":3,"minecraft:jungle_log":1,"minecraft:leather_boots":1,"minecraft:yellow_banner":1,"farmersdelight:rope":7,"born_in_chaos_v1:marigolds":3,"minecraft:lectern":1,"farmersdelight:tomato_seeds":7,"minecraft:enchanted_book":1,"minecraft:iron_ingot":170,"born_in_chaos_v1:intoxicating_decoction":1,"born_in_chaos_v1:shattered_skull":6,"minecraft:wheat_seeds":128,"minecraft:dripstone_block":15,"minecraft:book":1,"minecraft:yellow_terracotta":1,"minecraft:iron_helmet":3,"minecraft:cobblestone":7,"minecraft:granite":11,"born_in_chaos_v1:charmof_endurance":1,"minecraft:deepslate_tile_slab":1,"minecraft:coal":48,"minecraft:golden_apple":3,"minecraft:pufferfish":5,"minecraft:oxeye_daisy":1,"minecraft:lava_bucket":1,"minecraft:cobweb":5,"born_in_chaos_v1:gnawed_bones":1,"minecraft:rose_bush":1,"sophisticatedbackpacks:xp_pump_upgrade":1,"minecraft:potion":2,"minecraft:dead_bush":3,"minecraft:smooth_sandstone_slab":7,"minecraft:iron_shovel":1,"minecraft:string":8,"minecraft:smooth_sandstone":2,"minecraft:spruce_sapling":1,"born_in_chaos_v1:nightmare_scythe":1,"minecraft:yellow_concrete_powder":2,"minecraft:bricks":1,"minecraft:moss_carpet":5,"minecraft:jungle_fence_gate":2,"minecraft:bowl":4,"minecraft:polished_deepslate_slab":1,"boh:gojibreath":1,"sophisticatedbackpacks:backpack":2,"minecraft:light_gray_concrete":2,"minecraft:magenta_concrete":4,"minecraft:oak_sign":12,"minecraft:pumpkin_seeds":114,"minecraft:suspicious_stew":2,"minecraft:lily_of_the_valley":2,"minecraft:cobblestone_slab":1,"minecraft:flower_pot":4,"minecraft:allium":4,"minecraft:diamond_pickaxe":3,"minecraft:brown_bed":1,"minecraft:stone_bricks":2,"minecraft:bamboo":168,"minecraft:sandstone":12,"minecraft:red_sand":70,"minecraft:bow":1,"minecraft:red_tulip":2,"minecraft:magma_block":1,"minecraft:terracotta":13,"minecraft:soul_sand":1,"minecraft:birch_planks":1,"minecraft:diamond_axe":1,"minecraft:baked_potato":3,"minecraft:ender_pearl":16,"minecraft:sandstone_slab":8,"minecraft:chest_minecart":2,"born_in_chaos_v1:pileof_dark_metal":1,"minecraft:flint":3,"minecraft:dark_oak_log":2,"golems:golem_spell":1,"born_in_chaos_v1:monster_skin":12,"minecraft:cut_sandstone":4,"gravestone:obituary":214,"minecraft:birch_log":2,"minecraft:gold_ingot":118,"minecraft:gravel":16,"minecraft:spyglass":5,"minecraft:smooth_sandstone_stairs":6,"artifacts:villager_hat":1,"minecraft:white_candle":2,"minecraft:carrot":1,"sophisticatedbackpacks:diamond_backpack":2,"minecraft:sandstone_wall":7,"gnumus:gnumus_doubloons":1,"born_in_chaos_v1:seedof_chaos":2,"minecraft:mangrove_log":1,"minecraft:gunpowder":8,"born_in_chaos_v1:chipped_black_argillite_brick":1,"minecraft:skeleton_skull":1,"minecraft:beetroot_seeds":153,"minecraft:melon_seeds":3,"born_in_chaos_v1:corpse_maggot":27,"minecraft:iron_bars":1,"minecraft:arrow":93,"minecraft:powered_rail":3,"artifacts:scarf_of_invisibility":1,"minecraft:written_book":2,"minecraft:netherrack":2,"born_in_chaos_v1:dark_rod":2,"minecraft:purple_carpet":2,"minecraft:stone_hoe":1,"minecraft:water_bucket":3,"minecraft:bread":82,"minecraft:oak_slab":2,"minecraft:yellow_concrete":4,"minecraft:diamond_leggings":1,"minecraft:poisonous_potato":5,"minecraft:spruce_stairs":2,"alexsmobs:maraca":1,"minecraft:iron_block":1,"minecraft:deepslate_brick_stairs":3,"minecraft:diorite":34,"minecraft:zombie_head":1,"minecraft:iron_leggings":4,"minecraft:wither_rose":23,"minecraft:iron_axe":1,"minecraft:cactus":11,"sophisticatedbackpacks:crafting_upgrade":1,"minecraft:chiseled_sandstone":5,"minecraft:dandelion":1,"minecraft:redstone":4,"minecraft:oak_trapdoor":1,"minecraft:raw_copper":2,"minecraft:tuff":16,"minecraft:raw_iron":3,"minecraft:composter":2,"minecraft:ender_eye":1,"minecraft:deepslate_bricks":3,"minecraft:filled_map":2,"minecraft:shield":1,"minecraft:oak_button":8,"minecraft:orange_terracotta":12,"minecraft:iron_chestplate":1,"minecraft:andesite":30,"minecraft:mossy_stone_bricks":1,"born_in_chaos_v1:intoxicating_dagger":1,"minecraft:oak_sapling":9,"minecraft:spruce_log":3,"minecraft:diamond_boots":1,"minecraft:slime_ball":10,"minecraft:cracked_deepslate_bricks":3,"gnumus:hearty_dinner":2,"sophisticatedbackpacks:tank_upgrade":1},"minecraft:picked_up":{"born_in_chaos_v1:charmof_stealth":3,"minecraft:iron_chestplate":3,"minecraft:anvil":1,"minecraft:flower_pot":4,"minecraft:smithing_table":1,"minecraft:stone_slab":1,"minecraft:diamond_sword":1,"minecraft:oak_stairs":2,"minecraft:brown_bed":7,"minecraft:enchanted_book":7,"minecraft:wither_rose":5,"minecraft:brewing_stand":1,"minecraft:golden_sword":1,"minecraft:amethyst_block":1,"minecraft:polished_deepslate":1,"minecraft:string":105,"minecraft:soul_soil":1,"born_in_chaos_v1:mesh_door":2,"minecraft:cooked_salmon":5,"minecraft:red_nether_bricks":2,"graveyard:sarcophagus":1,"minecraft:pufferfish":2,"minecraft:beetroot":66,"alexsmobs:emu_feather":1,"minecraft:gold_nugget":1,"minecraft:cobbled_deepslate":977,"bosses_of_mass_destruction:soul_star":3,"minecraft:spruce_planks":4,"minecraft:written_book":1,"minecraft:melon_slice":227,"minecraft:mangrove_log":2,"wstweaks:fragment":9,"born_in_chaos_v1:shattered_skull":12,"minecraft:jukebox":2,"minecraft:composter":5,"minecraft:acacia_log":2,"born_in_chaos_v1:pileof_dark_metal":1,"minecraft:golden_axe":1,"minecraft:cherry_log":3,"minecraft:rabbit_foot":1,"minecraft:cauldron":6,"mutantmonsters:mutant_skeleton_pelvis":3,"gnumus:wrapper_with_goods":1,"gnumus:vintage_metal":2,"artifacts:villager_hat":1,"minecraft:red_tulip":2,"minecraft:iron_block":2,"minecraft:cyan_terracotta":1,"farmersdelight:rope":7,"minecraft:bookshelf":18,"minecraft:white_terracotta":23,"minecraft:blaze_rod":1,"minecraft:iron_bars":28,"minecraft:birch_log":26,"born_in_chaos_v1:staffof_magic_arrows":2,"minecraft:magma_block":1,"minecraft:feather":9,"minecraft:cooked_beef":1,"farmersdelight:rice":2,"minecraft:iron_door":1,"born_in_chaos_v1:spiritual_dust":3,"minecraft:jungle_log":44,"minecraft:jungle_wood":7,"minecraft:flint":2,"minecraft:lantern":1,"gnumus:gnumus_pouch_2":10,"born_in_chaos_v1:marigolds":3,"minecraft:purple_carpet":2,"undead_revamp2:blacpetalblock":1,"minecraft:stonecutter":3,"minecraft:rabbit":11,"minecraft:moss_block":2,"bosses_of_mass_destruction:crystal_fruit":3,"alexsmobs:crocodile_egg":1,"sophisticatedbackpacks:iron_backpack":4,"minecraft:ink_sac":30,"minecraft:fermented_spider_eye":1,"minecraft:dark_oak_log":2,"minecraft:barrel":2,"undead_revamp2:heavytooth":2,"minecraft:polished_andesite":4,"alexsmobs:guster_eye":2,"minecraft:writable_book":1,"minecraft:lever":1,"minecraft:granite":74,"alexsmobs:tarantula_hawk_wing_fragment":1,"minecraft:golden_horse_armor":1,"minecraft:bread":8,"minecraft:rooted_dirt":1,"born_in_chaos_v1:rotten_fish":7,"minecraft:bricks":3,"minecraft:diamond_pickaxe":2,"minecraft:crafting_table":8,"minecraft:coarse_dirt":1,"graveyard:acacia_coffin":2,"minecraft:sandstone_slab":6,"minecraft:nether_wart":9,"minecraft:clay_ball":4,"born_in_chaos_v1:seedof_chaos":4,"minecraft:golden_pickaxe":3,"born_in_chaos_v1:charmof_resistance":1,"gravestone:obituary":68,"minecraft:flint_and_steel":1,"minecraft:cracked_stone_bricks":6,"born_in_chaos_v1:gnawed_bones":2,"minecraft:jungle_sapling":1,"minecraft:chest":7,"minecraft:birch_sapling":7,"minecraft:egg":16,"minecraft:sandstone":88,"sophisticatedbackpacks:backpack":3,"farmersdelight:tomato_seeds":5,"bosses_of_mass_destruction:void_thorn":2,"graveyard:small_cyan_urn":1,"minecraft:jungle_fence_gate":2,"graveyard:dark_iron_bars":5,"born_in_chaos_v1:pieceofdarkmetal":13,"minecraft:carrot":5270,"minecraft:redstone":110,"born_in_chaos_v1:charmof_fury":1,"minecraft:cooked_cod":9,"minecraft:beetroot_seeds":168,"born_in_chaos_v1:wood_splitter_axe":2,"minecraft:deepslate_bricks":2,"minecraft:sandstone_stairs":1,"minecraft:yellow_terracotta":1,"undead_revamp2:the_somnolenceextract":1,"minecraft:totem_of_undying":1,"sophisticatedbackpacks:copper_backpack":1,"enemyexpansion:troll_molar":1,"minecraft:glow_berries":4,"gnumus:mouse_skin":24,"minecraft:mutton":3,"minecraft:white_wool":1,"minecraft:oxeye_daisy":1,"minecraft:stripped_oak_log":1,"born_in_chaos_v1:monster_flesh":11,"minecraft:acacia_wood":9,"gnumus:gnumus_pouch":5,"graveyard:spruce_coffin":1,"graveyard:small_light_gray_urn":1,"waystones:sandy_waystone":2,"minecraft:oak_log":109,"mowziesmobs:wrought_axe":2,"enemyexpansion:scorpion_tail":3,"mutantmonsters:mutant_skeleton_limb":16,"minecraft:paper":2,"minecraft:apple":2,"minecraft:stone_bricks":8,"minecraft:gray_bed":5,"minecraft:iron_sword":10,"minecraft:polished_andesite_stairs":4,"minecraft:sweet_berries":86,"born_in_chaos_v1:ethereal_spirit":8,"minecraft:gravel":68,"minecraft:birch_stairs":8,"gnumus:gnumus_cheese":2,"born_in_chaos_v1:fangofthe_hound_leader":1,"minecraft:spruce_log":7,"minecraft:slime_ball":20,"graveyard:vase_block":1,"minecraft:stone_axe":2,"minecraft:oak_button":8,"minecraft:melon_seeds":2,"minecraft:hopper":5,"minecraft:ender_pearl":21,"minecraft:wheat":287,"minecraft:nether_brick_fence":2,"gnumus:gnumus_claw":19,"artifacts:umbrella":1,"born_in_chaos_v1:bloody_gadfly_eye":1,"mutantmonsters:mutant_skeleton_skull":2,"minecraft:raw_copper":420,"arphex:necrotic_fang":1,"graveyard:candle_holder":1,"minecraft:iron_leggings":1,"born_in_chaos_v1:dark_upgrade":1,"minecraft:experience_bottle":1,"minecraft:zombie_head":1,"minecraft:sea_pickle":1,"minecraft:deepslate_tiles":13,"minecraft:red_sand":58,"minecraft:smooth_stone":10,"alexsmobs:banana":1,"minecraft:bucket":2,"minecraft:redstone_torch":2,"minecraft:cobblestone_slab":3,"minecraft:iron_pickaxe":9,"born_in_chaos_v1:stimulating_decoction":3,"minecraft:iron_boots":1,"minecraft:furnace":2,"minecraft:blue_wool":4,"minecraft:stick":56,"minecraft:jungle_door":1,"minecraft:brown_terracotta":4,"minecraft:polished_deepslate_stairs":20,"minecraft:torch":246,"minecraft:spruce_stairs":7,"arphex:maggot_grub":1,"minecraft:porkchop":5,"minecraft:villager_spawn_egg":1,"minecraft:pointed_dripstone":2,"minecraft:diorite":47,"born_in_chaos_v1:nightmare_claw":3,"minecraft:vine":6,"graveyard:dark_iron_trapdoor":4,"minecraft:yellow_concrete_powder":2,"minecraft:cactus":8,"minecraft:rotten_flesh":291,"alexsmobs:emu_egg":15,"mutantmonsters:mutant_skeleton_shoulder_pad":4,"minecraft:deepslate_brick_stairs":5,"minecraft:obsidian":13,"undead_revamp2:arapholia":6,"minecraft:cod":1,"minecraft:blaze_powder":5,"minecraft:cobblestone":532,"gnumus:gnumus_doubloons":12,"minecraft:andesite":13,"gnumus:overripe_carrot":249,"minecraft:golden_leggings":1,"minecraft:potato":309,"alexsmobs:bear_fur":2,"minecraft:tuff":48,"minecraft:smooth_sandstone_stairs":3,"graveyard:dark_iron_door":2,"minecraft:lapis_lazuli":129,"minecraft:dirt":161,"born_in_chaos_v1:monster_skin":8,"minecraft:bone":150,"minecraft:acacia_planks":2,"minecraft:bow":4,"minecraft:wheat_seeds":717,"minecraft:cobbled_deepslate_wall":4,"minecraft:deepslate_brick_slab":1,"minecraft:cobbled_deepslate_slab":8,"minecraft:raw_gold":172,"minecraft:mossy_stone_bricks":2,"minecraft:bamboo":417,"minecraft:oak_planks":1,"minecraft:cooked_porkchop":5,"minecraft:music_disc_13":1,"minecraft:sand":120,"minecraft:jungle_planks":37,"minecraft:dead_bush":2,"minecraft:cyan_bed":1,"minecraft:chiseled_sandstone":4,"sons_of_sins:flesh_of_demise":1,"minecraft:mossy_cobblestone":1,"undead_revamp2:acidsack":1,"minecraft:light_gray_terracotta":4,"born_in_chaos_v1:fire_dust":2,"minecraft:diamond":59,"gnumus:gnumus_clay":21,"minecraft:soul_lantern":2,"waystones:waystone":2,"alexsmobs:rattlesnake_rattle":2,"minecraft:crossbow":3,"minecraft:bone_meal":8,"minecraft:golden_apple":3,"minecraft:emerald":51,"minecraft:oak_sapling":50,"minecraft:netherrack":4,"undead_revamp2:bostroxingot":1,"minecraft:cocoa_beans":9,"born_in_chaos_v1:diamond_termite_shard":15,"minecraft:allium":5,"minecraft:chicken":6,"minecraft:cooked_rabbit":2,"minecraft:gold_block":3,"minecraft:chain":3,"minecraft:shield":3,"minecraft:oak_trapdoor":1,"minecraft:moss_carpet":1,"minecraft:iron_axe":2,"minecraft:birch_fence":3,"graveyard:corruption":22,"minecraft:lectern":142,"minecraft:sugar_cane":56,"minecraft:spruce_trapdoor":1,"minecraft:raw_iron":185,"minecraft:copper_ingot":4,"minecraft:note_block":2,"minecraft:stone_button":2,"minecraft:light_blue_bed":1,"alexsmobs:crocodile_scute":4,"minecraft:arrow":544,"artifacts:cowboy_hat":2,"minecraft:jungle_stairs":2,"mutantmonsters:mutant_skeleton_rib":6,"alexsmobs:ghostly_pickaxe":1,"minecraft:skeleton_skull":3,"born_in_chaos_v1:fused_bone":2,"minecraft:cracked_deepslate_tiles":22,"born_in_chaos_v1:corpse_maggot":78,"farmersdelight:rich_soil":6,"minecraft:air":0,"minecraft:jungle_boat":6,"minecraft:golden_carrot":1,"minecraft:glow_ink_sac":8,"minecraft:salmon":7,"minecraft:leather":4,"minecraft:cut_sandstone":7,"minecraft:yellow_glazed_terracotta":1,"minecraft:gunpowder":46,"minecraft:cobblestone_stairs":1,"minecraft:deepslate_tile_slab":1,"minecraft:orange_terracotta":51,"minecraft:smooth_sandstone":2,"minecraft:iron_ingot":11,"minecraft:cooked_chicken":4,"arphex:burning_glands":2,"born_in_chaos_v1:chipped_black_argillite_brick":1,"minecraft:soul_sand":11,"sophisticatedbackpacks:diamond_backpack":3,"minecraft:book":18,"minecraft:scaffolding":52,"minecraft:oak_slab":2,"minecraft:pumpkin":59,"minecraft:dandelion":1,"minecraft:dripstone_block":14,"born_in_chaos_v1:dark_rod":6,"minecraft:amethyst_shard":88,"mowziesmobs:wrought_helmet":1,"minecraft:blast_furnace":1,"artifacts:scarf_of_invisibility":2,"minecraft:spider_eye":6,"undead_revamp2:rawbostrox":1,"minecraft:chainmail_leggings":1,"minecraft:iron_helmet":5,"minecraft:stripped_jungle_wood":1,"minecraft:mossy_cobblestone_stairs":2,"minecraft:terracotta":76,"minecraft:magenta_concrete":11,"minecraft:coal":336},"minecraft:killed_by":{"arphex:spider_moth_dweller":1,"undead_revamp2:the_moonflower":1,"born_in_chaos_v1:nightmare_stalker":6,"minecraft:pillager":19,"they_watch_from_the_mist:them_aggro":4,"gnumus:gnumus_hunter":1,"enemyexpansion:scorpion":6,"minecraft:zombie":8,"born_in_chaos_v1:dire_hound_leader":1,"enemyexpansion:invisicreeper":3,"undead_revamp2:thegliter":2,"born_in_chaos_v1:siamese_skeletonsleft":1,"mutantmonsters:mutant_skeleton":1,"enemyexpansion:botfly":1,"cave_dweller:cave_dweller":4,"undead_revamp2:sucker":1,"minecraft:creeper":1,"born_in_chaos_v1:zombie_bruiser":1,"born_in_chaos_v1:bone_imp_minion":3,"born_in_chaos_v1:corpse_fly":3,"minecraft:drowned":1,"enemyexpansion:sprinter":2,"born_in_chaos_v1:diamond_termite":1,"minecraft:blaze":2,"born_in_chaos_v1:spirit_guide_assistant":1,"enemyexpansion:silverqueen":1,"graveyard:wraith":2,"minecraft:player":7,"enemyexpansion:trollenraged":1,"minecraft:spider":1,"born_in_chaos_v1:skeleton_thrasher":1,"born_in_chaos_v1:phantom_creeper":1,"arphex:hornet_harbinger":1,"undead_revamp2:thehunter":4,"apollyon:the_damned":3,"minecraft:skeleton":20,"graveyard:corrupted_vindicator":2,"arphex:spider_moth_larvae":6},"minecraft:mined":{"minecraft:cut_sandstone_slab":1,"minecraft:jungle_leaves":6,"graveyard:candle_holder":1,"minecraft:red_nether_bricks":3,"minecraft:obsidian":67,"minecraft:carved_pumpkin":36,"minecraft:potted_dead_bush":1,"minecraft:granite":82,"minecraft:red_sand":10,"minecraft:jungle_log":38,"minecraft:deepslate_bricks":33,"minecraft:hopper":7,"minecraft:nether_wart":6,"minecraft:spawner":58,"graveyard:wither_skull_with_rib_cage":1,"minecraft:tall_seagrass":4,"minecraft:magma_block":1,"minecraft:cobbled_deepslate":179,"minecraft:barrel":4,"minecraft:fire":86,"minecraft:moss_carpet":2,"minecraft:pumpkin":199,"minecraft:deepslate_lapis_ore":15,"minecraft:enchanting_table":1,"minecraft:polished_deepslate_slab":1,"minecraft:dirt_path":10,"minecraft:light_gray_concrete":2,"minecraft:deepslate_brick_stairs":10,"minecraft:smooth_sandstone_stairs":6,"minecraft:iron_block":4,"minecraft:jungle_trapdoor":2,"minecraft:sandstone_slab":11,"minecraft:cut_sandstone":11,"minecraft:kelp_plant":1,"graveyard:dark_iron_trapdoor":7,"minecraft:amethyst_cluster":11,"minecraft:deepslate_tile_slab":1,"minecraft:powder_snow":1,"golems:golem_head":11,"minecraft:torch":130,"minecraft:note_block":13,"born_in_chaos_v1:infected_deepslate_diamond_ore":10,"minecraft:blast_furnace":2,"minecraft:polished_andesite_stairs":4,"minecraft:melon":169,"minecraft:dead_bush":39,"minecraft:white_candle":1,"minecraft:cyan_bed":1,"minecraft:sugar_cane":250,"minecraft:bricks":1,"minecraft:smooth_sandstone_slab":4,"bosses_of_mass_destruction:vine_wall":9,"minecraft:amethyst_block":1,"minecraft:skeleton_skull":1,"minecraft:white_terracotta":25,"minecraft:chain":2,"minecraft:jungle_wood":7,"minecraft:wheat":264,"minecraft:jukebox":3,"minecraft:yellow_glazed_terracotta":1,"minecraft:grass":47,"minecraft:smooth_quartz":2,"minecraft:sandstone_wall":3,"minecraft:smooth_basalt":2,"minecraft:stonecutter":3,"minecraft:yellow_stained_glass":2,"minecraft:deepslate":1384,"minecraft:deepslate_tiles":56,"minecraft:mossy_cobblestone":1,"minecraft:cobbled_deepslate_slab":4,"minecraft:jungle_planks":4,"minecraft:stripped_jungle_wood":1,"graveyard:tg_deepslate":16,"minecraft:magenta_concrete":9,"minecraft:yellow_concrete_powder":1,"minecraft:moss_block":16,"minecraft:redstone_ore":8,"bosses_of_mass_destruction:void_blossom":24,"minecraft:andesite":22,"graveyard:sarcophagus":2,"minecraft:potatoes":82,"minecraft:cobblestone_slab":3,"minecraft:vine":43,"minecraft:bamboo":78,"gnumus:fragile_gnumus_jug":3,"graveyard:lying_wither_skeleton":1,"minecraft:potted_allium":2,"minecraft:smithing_table":2,"minecraft:birch_stairs":6,"minecraft:soul_sand":22,"minecraft:dandelion":3,"minecraft:smooth_sandstone":2,"minecraft:cobbled_deepslate_wall":5,"graveyard:tg_rooted_dirt":4,"undead_revamp2:blacpetalblock":1,"minecraft:copper_ore":22,"minecraft:tall_grass":27,"farmersdelight:wild_tomatoes":1,"minecraft:deepslate_gold_ore":90,"minecraft:cracked_deepslate_bricks":15,"minecraft:diorite":42,"minecraft:purple_bed":1,"graveyard:vase_block":1,"minecraft:light_blue_bed":1,"minecraft:birch_leaves":2,"minecraft:gravel":46,"minecraft:dripstone_block":15,"minecraft:cobweb":56,"minecraft:brown_terracotta":11,"minecraft:acacia_planks":2,"minecraft:oak_button":8,"minecraft:stone_bricks":8,"minecraft:gold_ore":22,"minecraft:fern":2,"graveyard:tg_coarse_dirt":2,"farmersdelight:rich_soil":6,"minecraft:cobblestone_stairs":1,"minecraft:brewing_stand":1,"minecraft:spruce_trapdoor":2,"minecraft:grass_block":31,"graveyard:dark_iron_door":1,"minecraft:soul_soil":1,"minecraft:composter":3,"minecraft:sandstone_stairs":1,"minecraft:smooth_stone":6,"bosses_of_mass_destruction:void_lily":9,"minecraft:iron_ore":113,"graveyard:leaning_wither_skeleton":1,"minecraft:anvil":1,"minecraft:brown_bed":6,"minecraft:pointed_dripstone":7,"minecraft:iron_bars":6,"minecraft:deepslate_redstone_ore":22,"minecraft:jungle_door":2,"minecraft:polished_deepslate_stairs":23,"minecraft:orange_terracotta":22,"minecraft:soul_lantern":1,"graveyard:spruce_coffin":1,"minecraft:light_gray_terracotta":4,"minecraft:calcite":2,"minecraft:poppy":1,"minecraft:chest":6,"minecraft:cobblestone":35,"minecraft:oak_planks":24,"minecraft:iron_door":1,"minecraft:wall_torch":61,"minecraft:cauldron":6,"minecraft:deepslate_copper_ore":28,"minecraft:seagrass":2,"born_in_chaos_v1:fired_black_argillite":2,"minecraft:birch_log":20,"graveyard:skull_pile":1,"minecraft:smooth_stone_slab":1,"minecraft:yellow_stained_glass_pane":1,"minecraft:cracked_deepslate_tiles":35,"graveyard:creeper_skeleton":2,"minecraft:oak_log":91,"minecraft:beetroots":71,"minecraft:dirt":78,"minecraft:sand":164,"minecraft:wither_skeleton_skull":2,"graveyard:small_cyan_urn":1,"minecraft:dispenser":1,"minecraft:netherrack":5,"minecraft:oak_leaves":41,"minecraft:diamond_ore":1,"minecraft:tuff":64,"the_knocker:deadcow":1,"minecraft:yellow_wall_banner":1,"minecraft:deepslate_diamond_ore":42,"graveyard:acacia_coffin":2,"minecraft:ladder":6,"minecraft:lever":1,"gravestone:gravestone":134,"minecraft:weeping_vines":1,"minecraft:birch_slab":1,"minecraft:spruce_leaves":5,"minecraft:sandstone":85,"minecraft:large_fern":1,"minecraft:deepslate_brick_slab":1,"minecraft:oak_trapdoor":1,"minecraft:furnace":3,"minecraft:carrots":1716,"minecraft:chiseled_sandstone":4,"minecraft:orange_stained_glass_pane":1,"minecraft:gold_block":12,"minecraft:nether_brick_fence":2,"minecraft:polished_deepslate":1,"minecraft:bookshelf":24,"minecraft:deepslate_iron_ore":38,"minecraft:stripped_oak_log":1,"minecraft:stone":539,"minecraft:jungle_fence_gate":1,"minecraft:scaffolding":22,"graveyard:small_light_gray_urn":1,"minecraft:crafting_table":8,"minecraft:rose_bush":3,"minecraft:lectern":146,"minecraft:stone_slab":1,"born_in_chaos_v1:chipped_black_argillite_brick":6,"minecraft:lapis_ore":13,"minecraft:sculk":52,"minecraft:spruce_stairs":1,"minecraft:birch_planks":1,"minecraft:cactus":5,"graveyard:skull_with_rib_cage":1,"minecraft:redstone_torch":1,"minecraft:sweet_berry_bush":1,"minecraft:gray_bed":5,"graveyard:dark_iron_bars":13,"minecraft:coal_ore":202,"minecraft:yellow_concrete":1,"minecraft:cracked_stone_bricks":6,"minecraft:terracotta":110,"minecraft:polished_andesite":1,"minecraft:mossy_stone_bricks":12,"minecraft:birch_fence":3},"minecraft:custom":{"minecraft:interact_with_crafting_table":85,"minecraft:open_barrel":146,"minecraft:bell_ring":130,"minecraft:leave_game":65,"minecraft:time_since_death":134258,"minecraft:damage_blocked_by_shield":43409,"minecraft:play_time":3169247,"minecraft:deaths":135,"minecraft:jump":39035,"minecraft:enchant_item":50,"minecraft:interact_with_furnace":67,"minecraft:traded_with_villager":600,"minecraft:interact_with_cartography_table":3,"minecraft:sleep_in_bed":102,"minecraft:waystone_activated":8,"minecraft:damage_dealt":380408,"minecraft:interact_with_smoker":16,"minecraft:interact_with_smithing_table":3,"minecraft:use_cauldron":6,"minecraft:inspect_dispenser":4,"minecraft:horse_one_cm":245832,"minecraft:interact_with_anvil":98,"minecraft:inspect_hopper":11,"minecraft:damage_dealt_absorbed":311,"minecraft:sneak_time":154775,"minecraft:interact_with_lectern":3,"minecraft:interact_with_blast_furnace":79,"minecraft:total_world_time":3169247,"minecraft:tune_noteblock":60,"minecraft:interact_with_stonecutter":11,"minecraft:time_since_rest":89778,"minecraft:swim_one_cm":145211,"minecraft:fly_one_cm":6337288,"minecraft:open_chest":640,"minecraft:fish_caught":11,"minecraft:fall_one_cm":268436,"minecraft:animals_bred":173,"minecraft:damage_resisted":5,"minecraft:sprint_one_cm":3411191,"minecraft:drop":756,"minecraft:play_noteblock":93,"minecraft:talked_to_villager":1320,"minecraft:interact_with_brewingstand":1,"minecraft:walk_on_water_one_cm":494081,"minecraft:interact_with_loom":8,"minecraft:open_enderchest":319,"minecraft:player_kills":3,"minecraft:crouch_one_cm":359288,"minecraft:mob_kills":2309,"minecraft:interact_with_campfire":51,"minecraft:damage_dealt_resisted":18287,"minecraft:climb_one_cm":373448,"minecraft:walk_one_cm":9221643,"minecraft:walk_under_water_one_cm":269290,"minecraft:boat_one_cm":677041,"minecraft:pot_flower":3,"minecraft:interact_with_grindstone":12,"minecraft:damage_absorbed":101,"minecraft:damage_taken":77148},"minecraft:crafted":{"minecraft:ender_chest":2,"minecraft:jungle_fence_gate":1,"minecraft:oak_sign":12,"born_in_chaos_v1:dark_metal_block":2,"minecraft:melon":1,"minecraft:blaze_powder":6,"sophisticatedbackpacks:crafting_upgrade":1,"minecraft:bookshelf":1,"minecraft:glass":8,"sophisticatedbackpacks:smelting_upgrade":1,"minecraft:diamond_helmet":1,"minecraft:diamond_leggings":1,"sophisticatedbackpacks:tank_upgrade":4,"minecraft:melon_seeds":2,"born_in_chaos_v1:soul_cutlass":1,"minecraft:emerald":532,"minecraft:diamond_axe":1,"minecraft:jungle_boat":2,"minecraft:copper_ingot":135,"minecraft:sticky_piston":3,"minecraft:hay_block":1,"minecraft:campfire":3,"gnumus:gnumus_pickaxe":1,"minecraft:lectern":1,"minecraft:stone_slab":2,"minecraft:iron_pickaxe":2,"minecraft:gold_ingot":305,"aquatictorches:aquatic_torch":4,"minecraft:spyglass":1,"minecraft:diamond_hoe":1,"sophisticatedbackpacks:stack_upgrade_tier_1":1,"minecraft:acacia_fence_gate":1,"sophisticatedbackpacks:advanced_pump_upgrade":2,"gnumus:lucky_hat_helmet":1,"minecraft:stone_pickaxe":3,"minecraft:diamond_boots":1,"alexsmobs:blobfish_bucket":1,"minecraft:lily_of_the_valley":6,"minecraft:enchanting_table":1,"sophisticatedbackpacks:gold_backpack":3,"minecraft:enchanted_book":54,"golems:golem_spell":12,"minecraft:iron_leggings":7,"minecraft:white_bed":1,"alexsmobs:roadrunner_boots":1,"born_in_chaos_v1:staffof_magic_arrows":1,"minecraft:grindstone":1,"minecraft:oak_planks":124,"minecraft:cobblestone_slab":6,"minecraft:cobblestone_stairs":4,"born_in_chaos_v1:dark_metal_ingot":21,"minecraft:suspicious_stew":6,"minecraft:hopper":1,"minecraft:bow":2,"minecraft:iron_boots":11,"minecraft:chest":3,"minecraft:stone_hoe":2,"minecraft:ender_eye":6,"born_in_chaos_v1:pileof_dark_metal":5,"minecraft:oak_slab":6,"sophisticatedbackpacks:backpack":1,"minecraft:cauldron":2,"minecraft:crafting_table":2,"minecraft:spruce_planks":4,"minecraft:iron_helmet":5,"minecraft:wooden_pickaxe":1,"minecraft:baked_potato":208,"bosses_of_mass_destruction:void_lily":1,"minecraft:birch_planks":80,"sophisticatedbackpacks:upgrade_base":10,"minecraft:dispenser":1,"farmersdelight:cutting_board":1,"born_in_chaos_v1:staffofthe_summoner":1,"minecraft:book":20,"sophisticatedbackpacks:xp_pump_upgrade":2,"minecraft:iron_chestplate":9,"minecraft:paper":12,"minecraft:diamond_pickaxe":2,"minecraft:shield":2,"sophisticatedbackpacks:diamond_backpack":2,"minecraft:stick":308,"minecraft:iron_ingot":259,"minecraft:stone_sword":1,"minecraft:redstone_torch":1,"minecraft:shears":1,"minecraft:deepslate_tile_slab":4,"minecraft:cherry_planks":12,"minecraft:leather_boots":3,"immersive_melodies:trumpet":1,"graveyard:dark_iron_ingot":36,"minecraft:furnace":1,"minecraft:blast_furnace":1,"minecraft:piston":5,"sophisticatedbackpacks:stack_upgrade_starter_tier":1,"minecraft:cherry_sapling":1,"minecraft:oak_trapdoor":2,"born_in_chaos_v1:intoxicating_dagger":1,"minecraft:scaffolding":12,"gnumus:hearty_dinner":1,"born_in_chaos_v1:bone_handle":6,"minecraft:leather":2,"sophisticatedbackpacks:stack_upgrade_tier_2":1,"sophisticatedbackpacks:iron_backpack":4,"minecraft:diamond_sword":1,"born_in_chaos_v1:nightmare_scythe":1,"minecraft:bowl":4,"minecraft:bucket":4,"minecraft:stone_axe":12,"minecraft:air":0,"minecraft:jungle_planks":52,"minecraft:oak_boat":1,"sophisticatedbackpacks:pump_upgrade":2,"sophisticatedbackpacks:pickup_upgrade":1,"minecraft:jungle_door":3,"alexsmobs:maraca":1,"minecraft:anvil":2,"minecraft:acacia_planks":36,"minecraft:torch":304},"minecraft:broken":{"minecraft:iron_boots":4,"minecraft:iron_chestplate":4,"minecraft:iron_leggings":5,"minecraft:chainmail_boots":1,"minecraft:stone_sword":2,"minecraft:chainmail_helmet":1,"minecraft:shield":1,"minecraft:iron_helmet":4,"minecraft:stone_pickaxe":2,"minecraft:stone_axe":3,"minecraft:golden_chestplate":1},"minecraft:used":{"minecraft:beetroot":52,"minecraft:moss_block":3,"minecraft:writable_book":4,"minecraft:ladder":15,"minecraft:poppy":2,"minecraft:chest":7,"minecraft:rotten_flesh":14,"graveyard:acacia_coffin":2,"graveyard:small_cyan_urn":1,"minecraft:soul_sand":15,"born_in_chaos_v1:soul_cutlass":56,"minecraft:cracked_deepslate_tiles":44,"graveyard:dark_iron_trapdoor":8,"minecraft:lava_bucket":145,"minecraft:villager_spawn_egg":33,"minecraft:jungle_fence_gate":1,"minecraft:polished_andesite_stairs":2,"guardvillagers:guard_spawn_egg":56,"minecraft:cooked_cod":9,"minecraft:bow":473,"minecraft:furnace":2,"minecraft:sweet_berries":94,"minecraft:oak_sapling":12,"minecraft:egg":182,"minecraft:potato":48,"minecraft:diorite":23,"minecraft:mossy_stone_bricks":1,"minecraft:cactus":3,"alexsmobs:blobfish_bucket":1,"minecraft:wooden_pickaxe":57,"alexsmobs:roadrunner_boots":3,"minecraft:composter":1,"graveyard:dark_iron_bars":12,"minecraft:jungle_boat":11,"minecraft:sand":52,"minecraft:blast_furnace":2,"minecraft:deepslate_brick_stairs":10,"minecraft:birch_fence":2,"minecraft:deepslate_tiles":219,"minecraft:chiseled_sandstone":1,"golems:golem_spell":21,"minecraft:lectern":579,"minecraft:diamond_ore":1,"minecraft:soul_lantern":2,"minecraft:diamond_sword":3199,"minecraft:smithing_table":1,"minecraft:oak_boat":2,"minecraft:oak_trapdoor":2,"minecraft:iron_bars":23,"waystones:sandy_waystone":2,"minecraft:stone_sword":207,"minecraft:enchanting_table":2,"minecraft:carved_pumpkin":13,"minecraft:cooked_salmon":5,"minecraft:netherrack":3,"minecraft:torch":1101,"minecraft:brewing_stand":1,"minecraft:anvil":2,"minecraft:jungle_trapdoor":2,"born_in_chaos_v1:chipped_black_argillite_brick":1,"minecraft:rooted_dirt":1,"born_in_chaos_v1:intoxicating_dagger":1571,"born_in_chaos_v1:nightmare_scythe":2,"alexsmobs:ghostly_pickaxe":1146,"born_in_chaos_v1:smoldering_scorched_log":1,"minecraft:barrel":1,"minecraft:melon_seeds":2,"minecraft:smooth_basalt":2,"minecraft:bamboo":39,"minecraft:orange_terracotta":30,"minecraft:cobbled_deepslate":952,"minecraft:acacia_planks":36,"minecraft:pointed_dripstone":6,"minecraft:calcite":2,"minecraft:wheat_seeds":280,"minecraft:water_bucket":138,"minecraft:yellow_banner":1,"minecraft:sandstone_stairs":2,"minecraft:cherry_planks":12,"minecraft:cauldron":2,"minecraft:gold_ore":3,"minecraft:deepslate_bricks":16,"minecraft:cracked_stone_bricks":1,"minecraft:vine":13,"minecraft:crafting_table":8,"minecraft:white_bed":1,"minecraft:campfire":3,"mowziesmobs:wrought_axe":1528,"minecraft:oak_log":5,"minecraft:diamond_pickaxe":1935,"minecraft:diamond_shovel":82,"minecraft:iron_pickaxe":345,"minecraft:oak_button":5,"minecraft:suspicious_stew":4,"born_in_chaos_v1:staffofthe_summoner":67,"minecraft:spruce_trapdoor":1,"minecraft:cobblestone":284,"minecraft:purple_bed":1,"minecraft:cooked_porkchop":2,"minecraft:sandstone_slab":4,"minecraft:stripped_oak_log":1,"minecraft:kelp":3,"minecraft:dandelion":2,"minecraft:candle":3,"minecraft:jukebox":2,"minecraft:cherry_sapling":1,"minecraft:red_sand":28,"minecraft:polished_deepslate":5,"minecraft:diamond_hoe":7,"minecraft:shield":199,"minecraft:white_terracotta":20,"minecraft:iron_sword":68,"minecraft:nether_wart":8,"minecraft:iron_chestplate":1,"artifacts:umbrella":971,"minecraft:jungle_planks":28,"minecraft:carrot":2678,"minecraft:deepslate_tile_slab":4,"minecraft:obsidian":52,"minecraft:tuff":36,"minecraft:polished_deepslate_stairs":2,"minecraft:milk_bucket":1,"minecraft:honey_bottle":2,"minecraft:cyan_terracotta":1,"minecraft:bricks":2,"minecraft:lantern":1,"minecraft:iron_helmet":3,"minecraft:light_blue_bed":1,"minecraft:stone_bricks":2,"farmersdelight:cutting_board":1,"minecraft:hay_block":1,"minecraft:scaffolding":153,"minecraft:gray_bed":5,"minecraft:beetroot_seeds":4,"minecraft:gold_block":9,"minecraft:skeleton_skull":2,"aquatictorches:aquatic_torch":4,"minecraft:diamond_boots":4,"minecraft:wither_skeleton_skull":2,"minecraft:stone_pickaxe":404,"minecraft:oak_planks":11,"minecraft:sandstone":96,"minecraft:sugar_cane":79,"minecraft:diamond_axe":73,"minecraft:yellow_terracotta":1,"graveyard:spruce_coffin":1,"graveyard:small_light_gray_urn":2,"minecraft:note_block":3,"minecraft:dripstone_block":8,"minecraft:shears":58,"minecraft:redstone_torch":7,"waystones:waystone":2,"minecraft:lever":2,"minecraft:melon_slice":79,"minecraft:bread":141,"minecraft:string":1,"minecraft:cyan_bed":1,"born_in_chaos_v1:marigolds":5,"minecraft:gravel":46,"minecraft:iron_door":1,"minecraft:grindstone":1,"minecraft:cooked_rabbit":12,"minecraft:andesite":3,"minecraft:coarse_dirt":1,"minecraft:tropical_fish_bucket":1,"minecraft:golden_pickaxe":18,"minecraft:cobweb":10,"graveyard:candle_holder":1,"graveyard:sarcophagus":1,"minecraft:flint_and_steel":2,"minecraft:cracked_deepslate_bricks":13,"undead_revamp2:blacpetalblock":1,"minecraft:spruce_planks":1,"minecraft:ender_chest":2,"minecraft:stone_hoe":21,"farmersdelight:rich_soil":6,"bosses_of_mass_destruction:void_lily":10,"minecraft:cooked_chicken":7,"alexsmobs:maraca":2,"minecraft:spyglass":315,"minecraft:dirt":177,"minecraft:hopper":5,"minecraft:spruce_stairs":3,"minecraft:granite":64,"mowziesmobs:wrought_helmet":2,"minecraft:brown_terracotta":6,"minecraft:bookshelf":18,"minecraft:emerald_block":4,"minecraft:soul_soil":1,"minecraft:deepslate_tile_stairs":4,"alexsmobs:banana":1,"minecraft:cooked_beef":1,"minecraft:brown_bed":11,"minecraft:cobbled_deepslate_wall":5,"golems:golem_head":6,"minecraft:pumpkin":47,"minecraft:iron_leggings":1,"minecraft:cooked_mutton":3,"minecraft:amethyst_block":1,"minecraft:cobblestone_stairs":5,"minecraft:polished_andesite":4,"minecraft:baked_potato":114,"minecraft:red_nether_bricks":2,"gnumus:overripe_carrot":247,"minecraft:cut_sandstone":8,"minecraft:green_bed":1,"minecraft:stonecutter":3,"minecraft:cobblestone_slab":8,"minecraft:terracotta":254,"bosses_of_mass_destruction:soul_star":15,"minecraft:flower_pot":3,"minecraft:stone_slab":1,"minecraft:jungle_stairs":2,"minecraft:magenta_concrete":7,"minecraft:stone_axe":655,"minecraft:acacia_fence_gate":1,"minecraft:fishing_rod":14,"minecraft:cobbled_deepslate_slab":4,"minecraft:jungle_door":6,"minecraft:bucket":172,"minecraft:pumpkin_pie":10,"alexsmobs:animal_dictionary":1,"minecraft:sea_pickle":1,"minecraft:smooth_stone":5,"minecraft:birch_stairs":5,"alexsmobs:emu_egg":8}},"DataVersion":3465}