{"stats":{"minecraft:killed":{"arphex:mosquito_morbidity":1,"minecraft:cave_spider":8,"born_in_chaos_v1:restless_spirit":19,"born_in_chaos_v1:zombie_lumberjack":17,"born_in_chaos_v1:skeleton_demoman":5,"enemyexpansion:equestrian":9,"minecraft:cod":1,"graveyard:wraith":15,"born_in_chaos_v1:siamese_skeletonsright":6,"born_in_chaos_v1:baby_skeleton_minion":4,"undead_revamp2:theswarmer":10,"minecraft:skeleton":174,"graveyard:acolyte":9,"minecraft:chicken":78,"arphex:spider_lurker":1,"born_in_chaos_v1:skeleton_thrasher":14,"arphex:ant_arsonist":3,"undead_revamp2:thepregnant":1,"born_in_chaos_v1:supreme_bonescaller_stage_2":3,"boh:rat":1,"undead_revamp2:thespitter":8,"enemyexpansion:vampflyer":3,"arphex:spider_moth_larvae":2,"minecraft:magma_cube":37,"arphex:spider_larvae_tiny":12,"arphex:long_legs":2,"minecraft:salmon":5,"undead_revamp2:theheavy":5,"mutantmonsters:mutant_skeleton":3,"born_in_chaos_v1:dread_hound_not_despawn":2,"arphex:centipede_evictor_larvae":4,"minecraft:pillager":32,"enemyexpansion:meature":1,"minecraft:zombie":160,"enemyexpansion:vampire":2,"born_in_chaos_v1:corpse_fly":90,"enemyexpansion:botfly":23,"boh:seed_eater":1,"alexsmobs:roadrunner":5,"born_in_chaos_v1:door_knight":19,"mutantmonsters:mutant_creeper":2,"arphex:spider_larvae":1,"minecraft:cow":89,"enemyexpansion:trollenraged":1,"undead_revamp2:thehunter":12,"undead_revamp2:theimmortal":9,"graveyard:corrupted_vindicator":136,"undead_revamp2:bomber":3,"born_in_chaos_v1:firelight":1,"boh:goji":1,"born_in_chaos_v1:dire_hound_leader":3,"enemyexpansion:faller":1,"mowziesmobs:ferrous_wroughtnaut":1,"arphex:hornet_harbinger":10,"enemyexpansion:silverqueen":1,"gnumus:gnumus_hunter":33,"undead_revamp2:thebidy":6,"alexsmobs:underminer":1,"alexsmobs:tusklin":1,"born_in_chaos_v1:barrel_zombie":1,"enemyexpansion:scorpion":33,"born_in_chaos_v1:spiritof_chaos":3,"born_in_chaos_v1:spirit_guide":6,"minecraft:husk":24,"alexsmobs:guster":33,"graveyard:ghoul":2,"born_in_chaos_v1:bone_imp_minion":34,"undead_revamp2:the_moonflower":53,"minecraft:rabbit":2,"enemyexpansion:sprinter":5,"born_in_chaos_v1:decrepit_skeleton":63,"gnumus:gnumus_merchant":1,"born_in_chaos_v1:bloody_gadfly":4,"undead_revamp2:thesomnolence":12,"alexsmobs:crocodile":1,"born_in_chaos_v1:dark_vortex":14,"minecraft:enderman":7,"born_in_chaos_v1:lifestealer_true_form":4,"undead_revamp2:thewolf":5,"born_in_chaos_v1:zombie_clown":8,"minecraft:witch":2,"minecraft:spider":64,"arphex:teleport_ghost":8,"alexsmobs:snow_leopard":3,"undead_revamp2:thesmoker":10,"born_in_chaos_v1:scarlet_persecutor":6,"minecraft:bee":2,"gnumus:pitcher_mousse":1,"minecraft:silverfish":16,"undead_revamp2:therod":9,"born_in_chaos_v1:firelight_not_despawn":12,"artifacts:mimic":2,"born_in_chaos_v1:bonescaller":8,"minecraft:pig":3,"alexsmobs:grizzly_bear":2,"born_in_chaos_v1:diamond_termite":19,"minecraft:zombie_villager":13,"born_in_chaos_v1:glutton_fish":1,"arphex:maggot":1,"undead_revamp2:thebeartamer":4,"minecraft:creeper":52,"undead_revamp2:theordure":1,"undead_revamp2:thebidyupside":2,"born_in_chaos_v1:zombie_fisherman":3,"born_in_chaos_v1:dread_hound":37,"alexsmobs:terrapin":1,"minecraft:ghast":2,"minecraft:stray":2,"undead_revamp2:theskeeper":2,"alexsmobs:fly":1,"cave_dweller:cave_dweller":4,"graveyard:corrupted_pillager":203,"apollyon:the_damned":16,"born_in_chaos_v1:siamese_skeletonsleft":5,"minecraft:blaze":24,"arphex:hornet_harbinger_giant":1,"minecraft:vex":2,"born_in_chaos_v1:missioner":3,"alexsmobs:tarantula_hawk":1,"undead_revamp2:thegliter":3,"enemyexpansion:intruder":1,"minecraft:slime":3,"enemyexpansion:direwolf":60,"alexsmobs:rattlesnake":9,"born_in_chaos_v1:zombie_bruiser":20,"born_in_chaos_v1:maggot":96,"minecraft:phantom":9,"arphex:sun_scorpion_tiny":1,"they_watch_from_the_mist:them_aggro":2,"alexsmobs:soul_vulture":1,"born_in_chaos_v1:corpse_fish":64,"minecraft:drowned":13,"undead_revamp2:thehorrors":6,"undead_revamp2:sucker":15,"born_in_chaos_v1:fallen_chaos_knight":4,"born_in_chaos_v1:baby_skeleton":19,"born_in_chaos_v1:swarmer":4,"born_in_chaos_v1:spirit_guide_assistant":14,"minecraft:bat":2,"bosses_of_mass_destruction:void_blossom":1,"minecraft:squid":19,"alexsmobs:emu":1,"enemyexpansion:crawler":1,"born_in_chaos_v1:phantom_creeper_copy":5,"born_in_chaos_v1:decaying_zombie":2,"sons_of_sins:betrayed_guzzler":2,"born_in_chaos_v1:bonescaller_not_despawn":2,"enemyexpansion:huntsman":15,"born_in_chaos_v1:nightmare_stalker":13,"minecraft:wither_skeleton":54,"enemyexpansion:slugger":7},"minecraft:custom":{"minecraft:interact_with_crafting_table":92,"minecraft:open_barrel":178,"minecraft:bell_ring":130,"minecraft:leave_game":83,"minecraft:time_since_death":115913,"minecraft:damage_blocked_by_shield":52234,"minecraft:play_time":3699156,"minecraft:deaths":138,"minecraft:jump":45829,"minecraft:enchant_item":61,"minecraft:interact_with_furnace":94,"minecraft:play_record":1,"minecraft:traded_with_villager":619,"minecraft:interact_with_cartography_table":3,"minecraft:sleep_in_bed":107,"minecraft:waystone_activated":9,"minecraft:damage_dealt":481748,"minecraft:interact_with_smoker":109,"minecraft:interact_with_smithing_table":7,"minecraft:use_cauldron":14,"minecraft:inspect_dispenser":9,"minecraft:horse_one_cm":245832,"minecraft:interact_with_anvil":115,"minecraft:inspect_hopper":32,"minecraft:damage_dealt_absorbed":311,"minecraft:sneak_time":177180,"minecraft:interact_with_lectern":3,"minecraft:interact_with_blast_furnace":84,"minecraft:total_world_time":3699156,"minecraft:tune_noteblock":60,"minecraft:interact_with_stonecutter":11,"minecraft:time_since_rest":71727,"minecraft:swim_one_cm":167901,"minecraft:fly_one_cm":7372872,"minecraft:open_chest":866,"minecraft:fish_caught":11,"minecraft:fall_one_cm":274202,"minecraft:animals_bred":213,"minecraft:damage_resisted":5,"minecraft:sprint_one_cm":4086221,"minecraft:drop":856,"minecraft:play_noteblock":93,"minecraft:talked_to_villager":1414,"minecraft:interact_with_brewingstand":47,"minecraft:walk_on_water_one_cm":545847,"minecraft:interact_with_loom":9,"minecraft:open_enderchest":372,"minecraft:player_kills":5,"minecraft:crouch_one_cm":408148,"minecraft:mob_kills":2934,"minecraft:interact_with_campfire":59,"minecraft:damage_dealt_resisted":21883,"minecraft:climb_one_cm":443271,"minecraft:walk_one_cm":10729442,"minecraft:walk_under_water_one_cm":335324,"minecraft:boat_one_cm":881923,"minecraft:pot_flower":3,"minecraft:interact_with_grindstone":14,"minecraft:trigger_trapped_chest":1,"minecraft:damage_absorbed":101,"minecraft:damage_taken":85301},"minecraft:killed_by":{"arphex:spider_moth_dweller":1,"undead_revamp2:the_moonflower":1,"born_in_chaos_v1:nightmare_stalker":6,"minecraft:pillager":19,"they_watch_from_the_mist:them_aggro":4,"gnumus:gnumus_hunter":1,"enemyexpansion:scorpion":6,"minecraft:zombie":8,"born_in_chaos_v1:dire_hound_leader":1,"enemyexpansion:invisicreeper":3,"undead_revamp2:thegliter":2,"born_in_chaos_v1:siamese_skeletonsleft":1,"mutantmonsters:mutant_skeleton":1,"enemyexpansion:botfly":1,"cave_dweller:cave_dweller":4,"undead_revamp2:sucker":1,"minecraft:creeper":1,"born_in_chaos_v1:zombie_bruiser":1,"born_in_chaos_v1:bone_imp_minion":3,"born_in_chaos_v1:corpse_fly":3,"minecraft:drowned":1,"enemyexpansion:sprinter":2,"born_in_chaos_v1:diamond_termite":1,"minecraft:blaze":2,"born_in_chaos_v1:spirit_guide_assistant":1,"enemyexpansion:silverqueen":1,"graveyard:wraith":2,"minecraft:player":7,"enemyexpansion:trollenraged":1,"minecraft:spider":1,"born_in_chaos_v1:skeleton_thrasher":1,"born_in_chaos_v1:phantom_creeper":1,"arphex:hornet_harbinger":1,"undead_revamp2:thehunter":4,"apollyon:the_damned":3,"minecraft:skeleton":22,"graveyard:corrupted_vindicator":2,"arphex:spider_moth_larvae":6},"minecraft:used":{"minecraft:beetroot":52,"minecraft:moss_block":3,"minecraft:writable_book":4,"minecraft:dispenser":1,"minecraft:chest":9,"minecraft:ladder":18,"minecraft:poppy":2,"minecraft:rotten_flesh":14,"graveyard:acacia_coffin":2,"graveyard:small_cyan_urn":1,"minecraft:soul_sand":19,"born_in_chaos_v1:soul_cutlass":56,"minecraft:cracked_deepslate_tiles":44,"graveyard:dark_iron_trapdoor":8,"minecraft:lava_bucket":154,"minecraft:villager_spawn_egg":33,"minecraft:jungle_fence_gate":1,"minecraft:polished_andesite_stairs":2,"guardvillagers:guard_spawn_egg":72,"minecraft:cooked_cod":13,"minecraft:bow":556,"minecraft:furnace":3,"minecraft:sweet_berries":94,"mutantmonsters:hulk_hammer":2,"minecraft:oak_sapling":12,"minecraft:egg":462,"minecraft:potato":48,"minecraft:diorite":23,"minecraft:mossy_stone_bricks":1,"boh:goji_head_helmet":1,"minecraft:cactus":3,"alexsmobs:blobfish_bucket":3,"minecraft:wooden_pickaxe":57,"alexsmobs:roadrunner_boots":13,"minecraft:composter":1,"graveyard:dark_iron_bars":12,"minecraft:jungle_boat":14,"minecraft:sand":180,"minecraft:blast_furnace":2,"minecraft:deepslate_brick_stairs":10,"minecraft:birch_fence":2,"minecraft:deepslate_tiles":326,"minecraft:chiseled_sandstone":2,"golems:golem_spell":44,"minecraft:lectern":579,"minecraft:diamond_ore":1,"minecraft:soul_lantern":2,"minecraft:diamond_sword":3233,"minecraft:smithing_table":1,"minecraft:oak_boat":2,"minecraft:oak_trapdoor":2,"minecraft:iron_bars":23,"waystones:sandy_waystone":2,"minecraft:stone_sword":207,"minecraft:enchanting_table":2,"minecraft:carved_pumpkin":38,"born_in_chaos_v1:darkwarblade":256,"minecraft:cooked_salmon":5,"minecraft:netherrack":3,"minecraft:torch":1193,"minecraft:brewing_stand":2,"minecraft:anvil":3,"minecraft:cod_bucket":1,"minecraft:jungle_trapdoor":2,"born_in_chaos_v1:chipped_black_argillite_brick":1,"minecraft:chipped_anvil":1,"minecraft:rooted_dirt":1,"born_in_chaos_v1:intoxicating_dagger":2633,"born_in_chaos_v1:nightmare_scythe":2,"alexsmobs:ghostly_pickaxe":1146,"born_in_chaos_v1:smoldering_scorched_log":1,"minecraft:barrel":1,"minecraft:melon_seeds":2,"minecraft:smooth_basalt":2,"minecraft:bamboo":39,"minecraft:tripwire_hook":1,"minecraft:orange_terracotta":40,"minecraft:cobbled_deepslate":1160,"minecraft:acacia_planks":36,"minecraft:pointed_dripstone":6,"minecraft:calcite":2,"minecraft:wheat_seeds":280,"minecraft:water_bucket":167,"minecraft:yellow_banner":1,"minecraft:sandstone_stairs":2,"minecraft:cherry_planks":13,"minecraft:cauldron":2,"minecraft:gold_ore":3,"minecraft:deepslate_bricks":23,"minecraft:cracked_stone_bricks":1,"minecraft:vine":13,"minecraft:crafting_table":8,"minecraft:white_bed":1,"minecraft:campfire":3,"mowziesmobs:wrought_axe":1597,"minecraft:oak_log":5,"minecraft:diamond_pickaxe":2453,"minecraft:diamond_shovel":208,"minecraft:iron_pickaxe":345,"minecraft:oak_button":5,"minecraft:suspicious_stew":4,"born_in_chaos_v1:staffofthe_summoner":84,"minecraft:spruce_trapdoor":1,"minecraft:cobblestone":401,"minecraft:potion":5,"minecraft:purple_bed":1,"minecraft:cooked_porkchop":2,"minecraft:sandstone_slab":4,"minecraft:kelp":3,"minecraft:stripped_oak_log":1,"minecraft:dandelion":2,"minecraft:candle":3,"minecraft:jukebox":2,"minecraft:cherry_sapling":1,"minecraft:red_sand":28,"minecraft:polished_deepslate":5,"minecraft:diamond_hoe":15,"minecraft:shield":199,"minecraft:white_terracotta":20,"minecraft:iron_sword":69,"minecraft:nether_wart":20,"minecraft:iron_chestplate":1,"artifacts:umbrella":1189,"minecraft:jungle_planks":31,"minecraft:carrot":2964,"minecraft:deepslate_tile_slab":4,"minecraft:music_disc_13":1,"minecraft:obsidian":80,"minecraft:tuff":36,"minecraft:polished_deepslate_stairs":2,"minecraft:milk_bucket":1,"minecraft:honey_bottle":6,"minecraft:cyan_terracotta":3,"minecraft:bricks":2,"minecraft:lantern":1,"minecraft:iron_helmet":3,"minecraft:light_blue_bed":1,"minecraft:stone_bricks":2,"minecraft:repeater":2,"farmersdelight:cutting_board":1,"minecraft:hay_block":1,"minecraft:scaffolding":153,"minecraft:gray_bed":6,"minecraft:beetroot_seeds":4,"minecraft:gold_block":9,"minecraft:skeleton_skull":2,"aquatictorches:aquatic_torch":4,"minecraft:diamond_boots":14,"minecraft:stone_pickaxe":404,"minecraft:wither_skeleton_skull":2,"minecraft:oak_planks":11,"minecraft:sandstone":104,"minecraft:sugar_cane":79,"minecraft:diamond_axe":73,"minecraft:yellow_terracotta":1,"graveyard:spruce_coffin":1,"graveyard:small_light_gray_urn":2,"minecraft:note_block":3,"minecraft:dripstone_block":8,"minecraft:shears":58,"minecraft:redstone_torch":8,"waystones:waystone":2,"minecraft:lever":2,"minecraft:melon_slice":80,"minecraft:bread":144,"minecraft:string":3,"minecraft:cyan_bed":1,"born_in_chaos_v1:marigolds":5,"minecraft:gravel":46,"minecraft:iron_door":1,"minecraft:granite_slab":8,"minecraft:cooked_rabbit":12,"minecraft:andesite":26,"minecraft:coarse_dirt":1,"minecraft:grindstone":1,"minecraft:golden_pickaxe":18,"minecraft:tropical_fish_bucket":2,"minecraft:cobweb":10,"graveyard:candle_holder":1,"graveyard:sarcophagus":1,"minecraft:flint_and_steel":2,"minecraft:cracked_deepslate_bricks":13,"minecraft:redstone":4,"undead_revamp2:blacpetalblock":1,"minecraft:spruce_planks":3,"minecraft:ender_chest":2,"minecraft:stone_hoe":21,"farmersdelight:rich_soil":6,"bosses_of_mass_destruction:void_lily":10,"minecraft:cooked_chicken":7,"alexsmobs:maraca":2,"minecraft:spyglass":391,"minecraft:dirt":177,"minecraft:hopper":10,"minecraft:spruce_stairs":3,"minecraft:salmon_bucket":6,"minecraft:granite":64,"mowziesmobs:wrought_helmet":2,"minecraft:brown_terracotta":6,"minecraft:bookshelf":18,"minecraft:emerald_block":4,"minecraft:soul_soil":2,"minecraft:deepslate_tile_stairs":4,"alexsmobs:banana":1,"minecraft:cooked_beef":2,"minecraft:brown_bed":11,"minecraft:cobbled_deepslate_wall":5,"golems:golem_head":12,"minecraft:pumpkin":47,"minecraft:iron_leggings":1,"minecraft:cooked_mutton":3,"minecraft:amethyst_block":1,"minecraft:cobblestone_stairs":5,"minecraft:glass_bottle":25,"minecraft:polished_andesite":11,"minecraft:baked_potato":140,"minecraft:red_nether_bricks":2,"minecraft:cut_sandstone":8,"gnumus:overripe_carrot":247,"minecraft:green_bed":1,"minecraft:stonecutter":3,"minecraft:cobblestone_slab":8,"minecraft:warped_roots":1,"minecraft:terracotta":267,"bosses_of_mass_destruction:soul_star":16,"minecraft:smoker":5,"minecraft:flower_pot":3,"minecraft:stone_slab":1,"minecraft:jungle_stairs":2,"minecraft:magenta_concrete":7,"minecraft:stone_axe":655,"minecraft:acacia_fence_gate":1,"minecraft:fishing_rod":14,"minecraft:cobbled_deepslate_slab":4,"minecraft:bucket":214,"minecraft:jungle_door":6,"minecraft:pumpkin_pie":10,"minecraft:yellow_bed":1,"minecraft:sea_pickle":1,"alexsmobs:animal_dictionary":1,"minecraft:smooth_stone":5,"minecraft:birch_stairs":5,"alexsmobs:emu_egg":8},"minecraft:crafted":{"minecraft:ender_chest":2,"minecraft:jungle_fence_gate":1,"minecraft:oak_sign":12,"born_in_chaos_v1:dark_metal_block":2,"minecraft:melon":1,"minecraft:blaze_powder":6,"sophisticatedbackpacks:crafting_upgrade":1,"minecraft:bookshelf":1,"minecraft:glass":48,"sophisticatedbackpacks:smelting_upgrade":1,"minecraft:diamond_helmet":1,"minecraft:repeater":2,"minecraft:diamond_leggings":1,"sophisticatedbackpacks:tank_upgrade":5,"minecraft:melon_seeds":2,"born_in_chaos_v1:soul_cutlass":1,"minecraft:glass_bottle":18,"minecraft:emerald":598,"minecraft:diamond_axe":1,"minecraft:jungle_boat":2,"minecraft:copper_ingot":135,"minecraft:sticky_piston":3,"minecraft:hay_block":1,"minecraft:campfire":3,"gnumus:gnumus_pickaxe":1,"minecraft:lectern":1,"minecraft:stone_slab":2,"minecraft:iron_pickaxe":3,"minecraft:gold_ingot":305,"aquatictorches:aquatic_torch":4,"minecraft:spyglass":2,"minecraft:diamond_hoe":1,"sophisticatedbackpacks:stack_upgrade_tier_1":1,"minecraft:acacia_fence_gate":1,"sophisticatedbackpacks:advanced_pump_upgrade":2,"gnumus:lucky_hat_helmet":1,"minecraft:stone_pickaxe":3,"minecraft:diamond_boots":1,"alexsmobs:blobfish_bucket":1,"minecraft:lily_of_the_valley":6,"minecraft:enchanting_table":1,"sophisticatedbackpacks:gold_backpack":4,"minecraft:deepslate_tiles":4,"minecraft:enchanted_book":61,"golems:golem_spell":12,"minecraft:iron_leggings":7,"minecraft:white_bed":1,"alexsmobs:roadrunner_boots":1,"arphex:mangled_spider_flesh":1,"born_in_chaos_v1:staffof_magic_arrows":1,"minecraft:grindstone":1,"minecraft:oak_planks":124,"minecraft:cobblestone_slab":6,"minecraft:cobblestone_stairs":4,"minecraft:stone":6,"born_in_chaos_v1:dark_metal_ingot":21,"minecraft:suspicious_stew":6,"minecraft:hopper":2,"minecraft:bow":3,"minecraft:iron_boots":11,"minecraft:chest":7,"minecraft:stone_hoe":2,"minecraft:ender_eye":7,"born_in_chaos_v1:pileof_dark_metal":5,"minecraft:smoker":1,"minecraft:oak_slab":6,"arphex:bane_of_the_darkness":1,"sophisticatedbackpacks:backpack":1,"minecraft:cauldron":2,"minecraft:crafting_table":2,"minecraft:spruce_planks":12,"minecraft:wooden_pickaxe":1,"minecraft:iron_helmet":5,"minecraft:baked_potato":208,"bosses_of_mass_destruction:void_lily":1,"minecraft:brewing_stand":1,"minecraft:birch_planks":80,"sophisticatedbackpacks:upgrade_base":11,"minecraft:dispenser":2,"minecraft:tnt":5,"farmersdelight:cutting_board":1,"farmersdelight:fried_egg":32,"born_in_chaos_v1:staffofthe_summoner":1,"minecraft:book":27,"sophisticatedbackpacks:xp_pump_upgrade":2,"minecraft:iron_chestplate":9,"minecraft:paper":27,"minecraft:diamond_pickaxe":2,"minecraft:shield":2,"sophisticatedbackpacks:diamond_backpack":3,"minecraft:stick":308,"minecraft:iron_ingot":259,"minecraft:stone_sword":1,"minecraft:redstone_torch":6,"minecraft:deepslate_bricks":4,"minecraft:shears":1,"minecraft:deepslate_tile_slab":4,"minecraft:cherry_planks":12,"minecraft:leather_boots":3,"born_in_chaos_v1:darkwarblade":1,"immersive_melodies:trumpet":1,"graveyard:dark_iron_ingot":36,"minecraft:furnace":3,"minecraft:blast_furnace":1,"minecraft:piston":5,"sophisticatedbackpacks:stack_upgrade_starter_tier":1,"minecraft:cherry_sapling":1,"minecraft:oak_trapdoor":2,"born_in_chaos_v1:intoxicating_dagger":1,"minecraft:scaffolding":12,"gnumus:hearty_dinner":1,"born_in_chaos_v1:bone_handle":7,"minecraft:leather":2,"sophisticatedbackpacks:stack_upgrade_tier_2":1,"sophisticatedbackpacks:iron_backpack":5,"minecraft:diamond_sword":1,"born_in_chaos_v1:nightmare_scythe":1,"minecraft:bowl":4,"minecraft:bucket":4,"minecraft:stone_axe":12,"minecraft:air":0,"minecraft:jungle_planks":52,"minecraft:oak_boat":1,"sophisticatedbackpacks:pump_upgrade":2,"sophisticatedbackpacks:pickup_upgrade":1,"minecraft:jungle_door":3,"alexsmobs:maraca":1,"minecraft:anvil":2,"minecraft:acacia_planks":36,"minecraft:torch":308,"minecraft:end_crystal":1},"minecraft:mined":{"minecraft:cut_sandstone_slab":1,"graveyard:candle_holder":1,"minecraft:jungle_leaves":6,"minecraft:obsidian":95,"minecraft:red_nether_bricks":3,"minecraft:carved_pumpkin":38,"minecraft:potted_dead_bush":1,"minecraft:granite":82,"minecraft:red_sand":13,"minecraft:jungle_log":38,"minecraft:deepslate_bricks":36,"minecraft:hopper":9,"minecraft:nether_wart":14,"minecraft:spawner":73,"graveyard:wither_skull_with_rib_cage":1,"minecraft:tall_seagrass":7,"minecraft:magma_block":1,"minecraft:cobbled_deepslate":180,"minecraft:barrel":4,"minecraft:fire":161,"minecraft:moss_carpet":2,"minecraft:pumpkin":204,"minecraft:deepslate_lapis_ore":15,"alexscaves:scarlet_neodymium_node":15,"minecraft:enchanting_table":1,"minecraft:polished_deepslate_slab":1,"minecraft:dirt_path":10,"minecraft:light_gray_concrete":2,"minecraft:deepslate_brick_stairs":10,"minecraft:smooth_sandstone_stairs":6,"minecraft:iron_block":4,"minecraft:tripwire":2,"minecraft:jungle_trapdoor":2,"minecraft:sandstone_slab":11,"minecraft:cut_sandstone":11,"minecraft:kelp_plant":1,"graveyard:dark_iron_trapdoor":7,"minecraft:smoker":4,"minecraft:soul_fire":3,"minecraft:amethyst_cluster":11,"minecraft:deepslate_tile_slab":1,"minecraft:powder_snow":1,"golems:golem_head":12,"minecraft:torch":149,"minecraft:note_block":13,"born_in_chaos_v1:infected_deepslate_diamond_ore":10,"minecraft:blast_furnace":2,"minecraft:polished_andesite_stairs":4,"minecraft:melon":169,"minecraft:dead_bush":43,"minecraft:white_candle":1,"minecraft:cyan_bed":1,"minecraft:sugar_cane":275,"minecraft:bricks":1,"minecraft:smooth_sandstone_slab":4,"bosses_of_mass_destruction:vine_wall":9,"minecraft:amethyst_block":1,"minecraft:skeleton_skull":1,"minecraft:white_terracotta":25,"minecraft:chain":2,"minecraft:jungle_wood":7,"minecraft:wheat":264,"minecraft:lilac":1,"minecraft:jukebox":3,"minecraft:yellow_glazed_terracotta":1,"minecraft:grass":47,"minecraft:smooth_quartz":2,"minecraft:sandstone_wall":3,"minecraft:smooth_basalt":3,"minecraft:stonecutter":3,"minecraft:yellow_stained_glass":2,"minecraft:deepslate":1393,"minecraft:deepslate_tiles":76,"minecraft:mossy_cobblestone":3,"minecraft:cobbled_deepslate_slab":4,"minecraft:jungle_planks":4,"minecraft:stripped_jungle_wood":1,"graveyard:tg_deepslate":16,"minecraft:magenta_concrete":9,"minecraft:redstone_wire":1,"minecraft:yellow_concrete_powder":1,"minecraft:moss_block":16,"minecraft:redstone_ore":15,"bosses_of_mass_destruction:void_blossom":24,"minecraft:andesite":46,"graveyard:sarcophagus":2,"minecraft:potatoes":82,"minecraft:cobblestone_slab":3,"minecraft:vine":43,"minecraft:bamboo":78,"gnumus:fragile_gnumus_jug":3,"graveyard:lying_wither_skeleton":1,"minecraft:potted_allium":2,"minecraft:smithing_table":2,"minecraft:birch_stairs":6,"minecraft:soul_sand":68,"alexscaves:azure_neodymium_node":28,"minecraft:dandelion":3,"minecraft:smooth_sandstone":2,"minecraft:cobbled_deepslate_wall":5,"graveyard:tg_rooted_dirt":4,"undead_revamp2:blacpetalblock":1,"minecraft:copper_ore":22,"minecraft:tall_grass":27,"farmersdelight:wild_tomatoes":1,"minecraft:deepslate_gold_ore":98,"minecraft:cracked_deepslate_bricks":15,"minecraft:diorite":42,"minecraft:purple_bed":1,"graveyard:vase_block":1,"minecraft:light_blue_bed":1,"minecraft:birch_leaves":5,"minecraft:gravel":47,"minecraft:dripstone_block":15,"minecraft:cobweb":56,"minecraft:brown_terracotta":11,"minecraft:acacia_planks":2,"minecraft:oak_button":8,"minecraft:stone_bricks":8,"minecraft:gold_ore":44,"minecraft:fern":2,"graveyard:tg_coarse_dirt":2,"farmersdelight:rich_soil":6,"minecraft:cobblestone_stairs":1,"minecraft:brewing_stand":1,"minecraft:spruce_trapdoor":2,"minecraft:grass_block":31,"graveyard:dark_iron_door":1,"minecraft:soul_soil":8,"minecraft:composter":3,"minecraft:sandstone_stairs":1,"minecraft:smooth_stone":9,"bosses_of_mass_destruction:void_lily":9,"minecraft:glowstone":21,"minecraft:iron_ore":120,"graveyard:leaning_wither_skeleton":1,"minecraft:anvil":1,"minecraft:brown_bed":6,"minecraft:pointed_dripstone":7,"minecraft:iron_bars":6,"minecraft:deepslate_redstone_ore":22,"minecraft:jungle_door":2,"minecraft:cyan_terracotta":2,"minecraft:polished_deepslate_stairs":23,"minecraft:orange_terracotta":24,"minecraft:soul_lantern":1,"graveyard:spruce_coffin":1,"minecraft:light_gray_terracotta":4,"minecraft:calcite":2,"minecraft:poppy":1,"minecraft:chest":6,"minecraft:cobblestone":58,"minecraft:oak_planks":24,"minecraft:iron_door":1,"minecraft:wall_torch":63,"minecraft:cauldron":6,"minecraft:deepslate_copper_ore":28,"minecraft:seagrass":5,"minecraft:blue_terracotta":1,"minecraft:warped_nylium":2,"boh:spinel_ore_ore":8,"born_in_chaos_v1:fired_black_argillite":2,"minecraft:birch_log":20,"graveyard:skull_pile":1,"minecraft:smooth_stone_slab":1,"minecraft:yellow_stained_glass_pane":1,"minecraft:cracked_deepslate_tiles":37,"graveyard:creeper_skeleton":2,"minecraft:oak_log":91,"minecraft:beetroots":71,"minecraft:dirt":82,"minecraft:sand":254,"minecraft:wither_skeleton_skull":2,"graveyard:small_cyan_urn":1,"minecraft:dispenser":1,"minecraft:netherrack":167,"minecraft:oak_leaves":41,"minecraft:diamond_ore":1,"minecraft:tuff":64,"the_knocker:deadcow":1,"minecraft:yellow_wall_banner":1,"minecraft:deepslate_diamond_ore":44,"graveyard:acacia_coffin":2,"minecraft:ladder":6,"minecraft:lever":1,"gravestone:gravestone":137,"minecraft:weeping_vines":1,"minecraft:birch_slab":1,"minecraft:spruce_leaves":5,"minecraft:sandstone":86,"minecraft:large_fern":1,"minecraft:deepslate_brick_slab":1,"minecraft:oak_trapdoor":1,"minecraft:furnace":4,"minecraft:carrots":1748,"minecraft:chiseled_sandstone":6,"minecraft:orange_stained_glass_pane":1,"minecraft:gold_block":12,"minecraft:nether_brick_fence":2,"minecraft:polished_deepslate":1,"minecraft:bookshelf":24,"minecraft:deepslate_iron_ore":38,"minecraft:stripped_oak_log":1,"minecraft:stone":573,"minecraft:jungle_fence_gate":1,"minecraft:scaffolding":22,"graveyard:small_light_gray_urn":1,"minecraft:crafting_table":8,"minecraft:rose_bush":3,"minecraft:lectern":146,"minecraft:stone_slab":1,"born_in_chaos_v1:chipped_black_argillite_brick":6,"minecraft:lapis_ore":13,"minecraft:sculk":52,"minecraft:spruce_stairs":1,"minecraft:birch_planks":1,"minecraft:cactus":5,"graveyard:skull_with_rib_cage":1,"minecraft:redstone_torch":2,"minecraft:sweet_berry_bush":1,"minecraft:gray_bed":6,"minecraft:yellow_bed":2,"graveyard:dark_iron_bars":13,"minecraft:coal_ore":250,"minecraft:yellow_concrete":1,"minecraft:cracked_stone_bricks":6,"minecraft:terracotta":125,"minecraft:polished_andesite":4,"minecraft:mossy_stone_bricks":12,"minecraft:birch_fence":3},"minecraft:broken":{"minecraft:iron_boots":4,"minecraft:iron_chestplate":4,"minecraft:iron_leggings":5,"minecraft:chainmail_boots":1,"minecraft:stone_sword":2,"minecraft:chainmail_helmet":1,"minecraft:shield":1,"minecraft:iron_helmet":4,"minecraft:stone_pickaxe":2,"minecraft:stone_axe":3,"minecraft:golden_chestplate":1},"minecraft:dropped":{"sophisticatedbackpacks:iron_backpack":3,"minecraft:iron_sword":6,"gnumus:overripe_carrot":9,"minecraft:glass_bottle":4,"minecraft:diamond":30,"minecraft:crossbow":1,"minecraft:weeping_vines":1,"minecraft:cracked_stone_bricks":2,"minecraft:saddle":1,"born_in_chaos_v1:pieceofdarkmetal":20,"born_in_chaos_v1:nightmare_claw":1,"minecraft:rail":15,"graveyard:corruption":4,"born_in_chaos_v1:damned_demomans_hat_helmet":1,"sophisticatedbackpacks:gold_backpack":2,"minecraft:emerald":51,"minecraft:dirt":5,"golems:golem_head":4,"minecraft:birch_fence":2,"minecraft:stone_button":2,"minecraft:cracked_deepslate_tiles":8,"minecraft:chain":5,"minecraft:jungle_sapling":2,"minecraft:writable_book":2,"minecraft:gold_nugget":224,"minecraft:bone_meal":5,"minecraft:sand":7,"minecraft:iron_pickaxe":6,"born_in_chaos_v1:fired_black_argillite":2,"undead_revamp2:blacpetalblock":1,"minecraft:fermented_spider_eye":17,"minecraft:birch_stairs":3,"artifacts:cowboy_hat":1,"minecraft:bone":2,"graveyard:dark_iron_trapdoor":9,"mutantmonsters:hulk_hammer":1,"minecraft:iron_nugget":290,"minecraft:cobbled_deepslate":26,"alexsmobs:crocodile_egg":1,"minecraft:birch_sapling":7,"minecraft:wheat":5,"minecraft:obsidian":4,"undead_revamp2:arapholia":7,"minecraft:deepslate_brick_slab":1,"minecraft:rotten_flesh":6,"minecraft:glowstone_dust":3,"minecraft:blaze_powder":5,"alexsmobs:emu_egg":11,"minecraft:deepslate_tiles":10,"minecraft:jungle_log":1,"minecraft:leather_boots":1,"minecraft:yellow_banner":1,"farmersdelight:rope":7,"born_in_chaos_v1:marigolds":3,"minecraft:lectern":1,"farmersdelight:tomato_seeds":7,"minecraft:enchanted_book":1,"minecraft:iron_ingot":182,"born_in_chaos_v1:intoxicating_decoction":1,"born_in_chaos_v1:shattered_skull":6,"minecraft:wheat_seeds":132,"minecraft:dripstone_block":15,"minecraft:book":1,"minecraft:yellow_terracotta":1,"minecraft:iron_helmet":3,"minecraft:cobblestone":7,"minecraft:granite":11,"born_in_chaos_v1:charmof_endurance":1,"minecraft:deepslate_tile_slab":1,"minecraft:coal":60,"minecraft:golden_apple":3,"minecraft:pufferfish":5,"minecraft:oxeye_daisy":1,"minecraft:lava_bucket":1,"minecraft:cobweb":5,"born_in_chaos_v1:gnawed_bones":1,"undead_revamp2:wincallerfan":1,"minecraft:rose_bush":1,"sophisticatedbackpacks:xp_pump_upgrade":1,"minecraft:potion":2,"minecraft:dead_bush":3,"minecraft:smooth_sandstone_slab":7,"minecraft:iron_shovel":3,"minecraft:string":8,"minecraft:smooth_sandstone":2,"minecraft:spruce_sapling":1,"born_in_chaos_v1:nightmare_scythe":1,"minecraft:furnace":1,"minecraft:yellow_concrete_powder":2,"minecraft:bricks":1,"minecraft:moss_carpet":5,"minecraft:jungle_fence_gate":2,"minecraft:bowl":4,"minecraft:polished_deepslate_slab":1,"boh:gojibreath":1,"sophisticatedbackpacks:backpack":2,"minecraft:light_gray_concrete":2,"minecraft:magenta_concrete":4,"minecraft:oak_sign":12,"minecraft:pumpkin_seeds":114,"minecraft:suspicious_stew":2,"minecraft:lily_of_the_valley":2,"minecraft:cobblestone_slab":1,"minecraft:flower_pot":4,"minecraft:allium":4,"minecraft:spruce_planks":6,"minecraft:diamond_pickaxe":3,"minecraft:redstone_torch":2,"minecraft:brown_bed":1,"minecraft:stone_bricks":3,"minecraft:bamboo":168,"minecraft:sandstone":16,"minecraft:bow":1,"minecraft:red_sand":77,"minecraft:red_tulip":2,"minecraft:magma_block":1,"minecraft:terracotta":20,"minecraft:soul_sand":1,"minecraft:birch_planks":1,"minecraft:diamond_axe":1,"minecraft:baked_potato":8,"minecraft:ender_pearl":16,"minecraft:sandstone_slab":9,"minecraft:leather":4,"minecraft:chest_minecart":2,"born_in_chaos_v1:pileof_dark_metal":1,"minecraft:flint":4,"minecraft:dark_oak_log":2,"golems:golem_spell":1,"born_in_chaos_v1:monster_skin":12,"born_in_chaos_v1:darkwarblade":1,"minecraft:cut_sandstone":6,"gravestone:obituary":218,"minecraft:birch_log":2,"minecraft:gold_ingot":118,"minecraft:gravel":16,"minecraft:white_tulip":1,"minecraft:spyglass":6,"minecraft:andesite_slab":4,"minecraft:smooth_sandstone_stairs":6,"artifacts:villager_hat":1,"minecraft:white_candle":2,"minecraft:carrot":1,"sophisticatedbackpacks:diamond_backpack":2,"minecraft:chainmail_chestplate":1,"minecraft:sandstone_wall":10,"gnumus:gnumus_doubloons":1,"born_in_chaos_v1:seedof_chaos":2,"minecraft:mangrove_log":1,"minecraft:gunpowder":8,"born_in_chaos_v1:chipped_black_argillite_brick":1,"minecraft:skeleton_skull":1,"born_in_chaos_v1:corpse_maggot":27,"minecraft:beetroot_seeds":153,"minecraft:melon_seeds":3,"minecraft:iron_bars":1,"minecraft:arrow":93,"minecraft:powered_rail":4,"artifacts:scarf_of_invisibility":1,"minecraft:written_book":2,"minecraft:netherrack":3,"born_in_chaos_v1:dark_rod":2,"minecraft:purple_carpet":2,"minecraft:stone_hoe":1,"minecraft:water_bucket":3,"minecraft:bread":89,"minecraft:oak_slab":2,"minecraft:mossy_cobblestone":1,"minecraft:yellow_concrete":4,"minecraft:diamond_leggings":1,"minecraft:poisonous_potato":5,"minecraft:activator_rail":5,"minecraft:spruce_stairs":2,"alexsmobs:maraca":1,"minecraft:iron_block":3,"minecraft:deepslate_brick_stairs":3,"minecraft:diorite":34,"minecraft:zombie_head":1,"minecraft:iron_leggings":4,"minecraft:wither_rose":30,"minecraft:iron_axe":1,"minecraft:cactus":11,"sophisticatedbackpacks:crafting_upgrade":1,"minecraft:chiseled_sandstone":7,"minecraft:dandelion":1,"minecraft:redstone":6,"minecraft:oak_trapdoor":1,"boh:goji_head_helmet":1,"minecraft:raw_copper":2,"minecraft:tuff":16,"minecraft:raw_iron":3,"minecraft:composter":2,"minecraft:ender_eye":1,"minecraft:deepslate_bricks":3,"minecraft:filled_map":2,"minecraft:shield":5,"minecraft:oak_button":8,"gnumus:gnumus_pouch_2":1,"minecraft:orange_terracotta":21,"minecraft:iron_chestplate":1,"minecraft:andesite":30,"minecraft:mossy_stone_bricks":1,"born_in_chaos_v1:intoxicating_dagger":1,"minecraft:oak_sapling":9,"born_in_chaos_v1:nightmare_mantleofthe_night_helmet":1,"minecraft:spruce_log":3,"minecraft:diamond_boots":1,"minecraft:slime_ball":10,"minecraft:cracked_deepslate_bricks":3,"gnumus:hearty_dinner":2,"sophisticatedbackpacks:tank_upgrade":1},"minecraft:picked_up":{"born_in_chaos_v1:charmof_stealth":4,"minecraft:iron_chestplate":3,"minecraft:anvil":1,"minecraft:flower_pot":5,"minecraft:stone_slab":1,"minecraft:smithing_table":1,"minecraft:diamond_sword":1,"minecraft:oak_stairs":2,"minecraft:brown_bed":7,"minecraft:enchanted_book":7,"minecraft:wither_rose":8,"minecraft:brewing_stand":1,"minecraft:golden_sword":1,"minecraft:amethyst_block":1,"minecraft:polished_deepslate":1,"minecraft:string":105,"minecraft:soul_soil":18,"born_in_chaos_v1:mesh_door":2,"minecraft:cooked_salmon":5,"minecraft:red_nether_bricks":2,"graveyard:sarcophagus":1,"minecraft:pufferfish":2,"minecraft:beetroot":66,"alexsmobs:emu_feather":1,"minecraft:gold_nugget":1,"minecraft:cobbled_deepslate":977,"bosses_of_mass_destruction:soul_star":6,"minecraft:spruce_planks":4,"minecraft:written_book":1,"minecraft:melon_slice":227,"minecraft:mangrove_log":2,"wstweaks:fragment":9,"born_in_chaos_v1:shattered_skull":12,"minecraft:jukebox":2,"minecraft:composter":5,"minecraft:acacia_log":4,"minecraft:sandstone_wall":3,"born_in_chaos_v1:pileof_dark_metal":1,"minecraft:golden_axe":1,"minecraft:cherry_log":4,"minecraft:cauldron":6,"minecraft:rabbit_foot":1,"mutantmonsters:mutant_skeleton_pelvis":4,"gnumus:wrapper_with_goods":1,"gnumus:vintage_metal":2,"artifacts:villager_hat":1,"minecraft:iron_block":2,"minecraft:red_tulip":2,"minecraft:cyan_terracotta":3,"farmersdelight:rope":7,"minecraft:bookshelf":18,"minecraft:white_terracotta":23,"minecraft:blaze_rod":14,"minecraft:iron_bars":28,"minecraft:birch_log":26,"born_in_chaos_v1:staffof_magic_arrows":2,"minecraft:magma_block":1,"minecraft:feather":11,"minecraft:cooked_beef":1,"farmersdelight:rice":2,"minecraft:iron_door":1,"born_in_chaos_v1:spiritual_dust":3,"minecraft:jungle_log":44,"minecraft:jungle_wood":7,"minecraft:smoker":4,"minecraft:flint":3,"minecraft:lantern":1,"born_in_chaos_v1:nightmare_stalker_skull":1,"gnumus:gnumus_pouch_2":11,"born_in_chaos_v1:marigolds":3,"minecraft:purple_carpet":2,"minecraft:chipped_anvil":1,"undead_revamp2:blacpetalblock":1,"minecraft:stonecutter":3,"minecraft:rabbit":11,"minecraft:glowstone_dust":79,"minecraft:moss_block":2,"bosses_of_mass_destruction:crystal_fruit":3,"alexsmobs:crocodile_egg":1,"minecraft:trapped_chest":1,"minecraft:granite_slab":8,"sophisticatedbackpacks:iron_backpack":4,"minecraft:ink_sac":30,"minecraft:fermented_spider_eye":1,"minecraft:dark_oak_log":2,"minecraft:barrel":2,"undead_revamp2:heavytooth":2,"minecraft:polished_andesite":11,"alexsmobs:guster_eye":2,"minecraft:writable_book":1,"minecraft:lever":1,"minecraft:granite":74,"alexsmobs:tarantula_hawk_wing_fragment":1,"minecraft:bread":8,"minecraft:golden_horse_armor":1,"minecraft:rooted_dirt":1,"born_in_chaos_v1:rotten_fish":7,"minecraft:bricks":3,"minecraft:diamond_pickaxe":2,"minecraft:coarse_dirt":1,"minecraft:crafting_table":8,"graveyard:acacia_coffin":2,"minecraft:sandstone_slab":7,"minecraft:nether_wart":20,"minecraft:clay_ball":4,"born_in_chaos_v1:seedof_chaos":4,"minecraft:golden_pickaxe":3,"born_in_chaos_v1:missionary_hat_helmet":2,"born_in_chaos_v1:charmof_resistance":2,"gravestone:obituary":71,"minecraft:flint_and_steel":1,"minecraft:cracked_stone_bricks":6,"minecraft:cartography_table":1,"minecraft:beef":7,"born_in_chaos_v1:gnawed_bones":2,"minecraft:jungle_sapling":1,"minecraft:chest":7,"minecraft:birch_sapling":7,"minecraft:egg":85,"minecraft:sandstone":92,"sophisticatedbackpacks:backpack":4,"farmersdelight:tomato_seeds":5,"bosses_of_mass_destruction:void_thorn":2,"minecraft:carrot":5270,"minecraft:jungle_fence_gate":2,"graveyard:dark_iron_bars":5,"born_in_chaos_v1:pieceofdarkmetal":16,"graveyard:small_cyan_urn":1,"minecraft:redstone":110,"born_in_chaos_v1:charmof_fury":2,"minecraft:cooked_cod":10,"minecraft:beetroot_seeds":168,"born_in_chaos_v1:wood_splitter_axe":2,"minecraft:deepslate_bricks":5,"minecraft:sandstone_stairs":1,"minecraft:yellow_terracotta":1,"born_in_chaos_v1:spiny_shell":1,"undead_revamp2:the_somnolenceextract":1,"minecraft:totem_of_undying":1,"sophisticatedbackpacks:copper_backpack":1,"enemyexpansion:troll_molar":1,"minecraft:glow_berries":4,"gnumus:mouse_skin":24,"minecraft:mutton":3,"minecraft:rail":13,"minecraft:white_wool":1,"minecraft:oxeye_daisy":1,"minecraft:stripped_oak_log":1,"born_in_chaos_v1:monster_flesh":11,"minecraft:tripwire_hook":1,"minecraft:acacia_wood":9,"gnumus:gnumus_pouch":7,"waystones:sandy_waystone":2,"graveyard:small_light_gray_urn":1,"graveyard:spruce_coffin":1,"minecraft:oak_log":117,"enemyexpansion:scorpion_tail":3,"mowziesmobs:wrought_axe":2,"mutantmonsters:mutant_skeleton_limb":24,"minecraft:paper":11,"minecraft:apple":2,"minecraft:stone_bricks":9,"minecraft:glass_bottle":2,"minecraft:gray_bed":6,"minecraft:iron_sword":12,"minecraft:polished_andesite_stairs":4,"minecraft:smooth_basalt":1,"enemyexpansion:phantom_eye":1,"minecraft:sweet_berries":86,"born_in_chaos_v1:ethereal_spirit":8,"minecraft:gravel":68,"minecraft:birch_stairs":8,"gnumus:gnumus_cheese":2,"born_in_chaos_v1:fangofthe_hound_leader":1,"minecraft:spruce_log":9,"minecraft:slime_ball":20,"graveyard:vase_block":1,"minecraft:stone_axe":2,"minecraft:warped_roots":1,"minecraft:oak_button":8,"minecraft:baked_potato":1,"minecraft:melon_seeds":2,"minecraft:hopper":7,"minecraft:ender_pearl":21,"minecraft:wheat":295,"minecraft:nether_brick_fence":2,"gnumus:gnumus_claw":19,"artifacts:umbrella":1,"boh:spinel":8,"born_in_chaos_v1:bloody_gadfly_eye":1,"mutantmonsters:mutant_skeleton_skull":3,"minecraft:raw_copper":420,"arphex:necrotic_fang":1,"graveyard:candle_holder":1,"minecraft:iron_leggings":2,"born_in_chaos_v1:dark_upgrade":1,"minecraft:experience_bottle":1,"minecraft:zombie_head":1,"minecraft:activator_rail":5,"minecraft:sea_pickle":1,"minecraft:deepslate_tiles":29,"minecraft:red_sand":63,"minecraft:smooth_stone":11,"alexsmobs:banana":1,"minecraft:bucket":2,"minecraft:white_tulip":1,"minecraft:redstone_torch":4,"minecraft:cobblestone_slab":3,"minecraft:iron_pickaxe":10,"born_in_chaos_v1:stimulating_decoction":10,"minecraft:iron_boots":1,"minecraft:furnace":4,"minecraft:blue_wool":4,"minecraft:stick":56,"minecraft:jungle_door":1,"minecraft:brown_terracotta":4,"minecraft:polished_deepslate_stairs":20,"minecraft:torch":270,"arphex:maggot_grub":1,"minecraft:spruce_stairs":7,"minecraft:porkchop":5,"minecraft:villager_spawn_egg":1,"minecraft:pointed_dripstone":2,"minecraft:diorite":47,"born_in_chaos_v1:nightmare_claw":3,"minecraft:vine":6,"graveyard:dark_iron_trapdoor":4,"minecraft:yellow_concrete_powder":2,"born_in_chaos_v1:damned_demomans_hat_helmet":1,"mutantmonsters:hulk_hammer":1,"minecraft:cactus":8,"minecraft:rotten_flesh":310,"born_in_chaos_v1:sea_terror_eye":2,"alexsmobs:emu_egg":16,"mutantmonsters:mutant_skeleton_shoulder_pad":6,"minecraft:deepslate_brick_stairs":5,"minecraft:obsidian":36,"undead_revamp2:arapholia":7,"minecraft:cod":2,"minecraft:cobblestone":558,"minecraft:blaze_powder":5,"minecraft:nautilus_shell":1,"gnumus:gnumus_doubloons":12,"minecraft:cherry_planks":1,"minecraft:andesite":36,"gnumus:overripe_carrot":255,"minecraft:golden_leggings":1,"minecraft:potato":309,"alexsmobs:bear_fur":2,"minecraft:tuff":48,"minecraft:smooth_sandstone_stairs":3,"graveyard:dark_iron_door":2,"minecraft:lapis_lazuli":129,"minecraft:dirt":161,"born_in_chaos_v1:monster_skin":8,"minecraft:bone":153,"minecraft:acacia_planks":2,"minecraft:bow":4,"minecraft:cobbled_deepslate_wall":4,"minecraft:wheat_seeds":721,"minecraft:deepslate_brick_slab":1,"minecraft:cobbled_deepslate_slab":8,"minecraft:raw_gold":172,"minecraft:mossy_stone_bricks":2,"minecraft:bamboo":417,"minecraft:powered_rail":1,"minecraft:oak_planks":1,"minecraft:ghast_tear":1,"minecraft:cooked_porkchop":5,"minecraft:music_disc_13":2,"minecraft:jungle_planks":40,"minecraft:sand":120,"minecraft:dead_bush":2,"minecraft:cyan_bed":2,"minecraft:chiseled_sandstone":6,"undead_revamp2:acidsack":1,"sons_of_sins:flesh_of_demise":2,"minecraft:mossy_cobblestone":2,"minecraft:light_gray_terracotta":4,"born_in_chaos_v1:fire_dust":2,"minecraft:diamond":63,"gnumus:gnumus_clay":21,"minecraft:soul_lantern":2,"waystones:waystone":2,"alexsmobs:rattlesnake_rattle":2,"minecraft:crossbow":4,"minecraft:bone_meal":9,"minecraft:golden_apple":3,"minecraft:emerald":51,"minecraft:oak_sapling":50,"minecraft:netherrack":95,"born_in_chaos_v1:sea_terror_stomach":1,"minecraft:andesite_slab":4,"undead_revamp2:bostroxingot":1,"minecraft:cocoa_beans":9,"born_in_chaos_v1:diamond_termite_shard":15,"minecraft:allium":5,"minecraft:chicken":9,"minecraft:ladder":3,"minecraft:cooked_rabbit":2,"minecraft:gold_block":3,"minecraft:chain":5,"minecraft:shield":4,"minecraft:oak_trapdoor":1,"minecraft:moss_carpet":1,"minecraft:iron_axe":3,"minecraft:birch_fence":3,"graveyard:corruption":22,"golems:golem_head":1,"minecraft:lectern":142,"minecraft:sugar_cane":56,"minecraft:phantom_membrane":15,"minecraft:spruce_trapdoor":1,"minecraft:raw_iron":203,"minecraft:copper_ingot":4,"minecraft:note_block":2,"minecraft:stone_button":2,"born_in_chaos_v1:charmof_endurance":1,"minecraft:light_blue_bed":1,"alexsmobs:crocodile_scute":4,"minecraft:arrow":544,"artifacts:cowboy_hat":2,"minecraft:jungle_stairs":2,"mutantmonsters:mutant_skeleton_rib":12,"alexsmobs:ghostly_pickaxe":1,"born_in_chaos_v1:trident_hayfork":1,"minecraft:skeleton_skull":5,"minecraft:cracked_deepslate_tiles":24,"born_in_chaos_v1:fused_bone":2,"born_in_chaos_v1:corpse_maggot":78,"farmersdelight:rich_soil":6,"minecraft:air":0,"minecraft:jungle_boat":9,"minecraft:golden_carrot":1,"minecraft:glow_ink_sac":8,"born_in_chaos_v1:darkwarblade":2,"minecraft:salmon":9,"minecraft:leather":4,"minecraft:cut_sandstone":9,"minecraft:yellow_glazed_terracotta":1,"minecraft:yellow_bed":2,"minecraft:gunpowder":46,"minecraft:cobblestone_stairs":1,"minecraft:deepslate_tile_slab":1,"minecraft:orange_terracotta":70,"minecraft:smooth_sandstone":4,"minecraft:iron_ingot":11,"arphex:burning_glands":2,"minecraft:cooked_chicken":4,"born_in_chaos_v1:chipped_black_argillite_brick":1,"minecraft:soul_sand":55,"minecraft:book":21,"sophisticatedbackpacks:diamond_backpack":3,"minecraft:scaffolding":52,"minecraft:oak_slab":2,"minecraft:pumpkin":64,"minecraft:dandelion":1,"minecraft:dripstone_block":14,"born_in_chaos_v1:dark_rod":6,"minecraft:amethyst_shard":88,"mowziesmobs:wrought_helmet":1,"minecraft:blast_furnace":1,"artifacts:scarf_of_invisibility":2,"minecraft:spider_eye":6,"undead_revamp2:rawbostrox":1,"minecraft:chainmail_leggings":1,"minecraft:iron_helmet":5,"minecraft:stripped_jungle_wood":1,"minecraft:mossy_cobblestone_stairs":2,"minecraft:terracotta":89,"minecraft:magenta_concrete":11,"minecraft:coal":388}},"DataVersion":3465}