{"stats":{"minecraft:used":{"minecraft:wheat_seeds":40,"minecraft:iron_shovel":2,"minecraft:oak_planks":9,"minecraft:iron_sword":2,"minecraft:glow_berries":2,"minecraft:spyglass":5,"minecraft:carrot":55,"minecraft:crossbow":1,"minecraft:apple":1,"minecraft:iron_axe":1,"minecraft:diamond_sword":45,"minecraft:sweet_berries":9,"mutantmonsters:hulk_hammer":12,"minecraft:beetroot_seeds":1,"minecraft:egg":5,"minecraft:potato":9,"farmersdelight:fried_egg":17},"minecraft:killed":{"enemyexpansion:scorpion":1,"enemyexpansion:direwolf":1,"born_in_chaos_v1:maggot":1,"minecraft:skeleton":1,"minecraft:zombie":1,"minecraft:chicken":1,"born_in_chaos_v1:corpse_fly":1,"enemyexpansion:botfly":1,"mutantmonsters:mutant_zombie":1,"minecraft:cow":5},"minecraft:mined":{"the_knocker:deadcow":5,"gravestone:gravestone":2,"minecraft:red_sand":2,"minecraft:melon":7,"minecraft:carrots":36,"minecraft:sweet_berry_bush":7,"minecraft:wheat":31,"minecraft:potatoes":3,"minecraft:oak_log":17,"minecraft:oak_leaves":4},"minecraft:killed_by":{"mutantmonsters:mutant_zombie":1},"minecraft:custom":{"minecraft:interact_with_smithing_table":1,"minecraft:mob_kills":15,"minecraft:interact_with_anvil":1,"minecraft:interact_with_crafting_table":2,"minecraft:interact_with_loom":1,"minecraft:damage_dealt_resisted":132,"minecraft:interact_with_grindstone":1,"minecraft:interact_with_stonecutter":1,"minecraft:time_since_death":15849,"minecraft:climb_one_cm":2850,"minecraft:time_since_rest":15873,"minecraft:sprint_one_cm":55067,"minecraft:open_enderchest":1,"minecraft:damage_taken":1464,"minecraft:walk_one_cm":154615,"minecraft:drop":14,"minecraft:damage_dealt":2753,"minecraft:talked_to_villager":3,"minecraft:fly_one_cm":67130,"minecraft:open_chest":66,"minecraft:crouch_one_cm":1806,"minecraft:play_time":36900,"minecraft:deaths":2,"minecraft:sneak_time":584,"minecraft:jump":455,"minecraft:walk_on_water_one_cm":365,"minecraft:interact_with_smoker":2,"minecraft:total_world_time":36900,"minecraft:fall_one_cm":15850},"minecraft:crafted":{"minecraft:oak_planks":68,"minecraft:flint_and_steel":1,"minecraft:iron_chestplate":1,"minecraft:iron_ingot":18},"minecraft:dropped":{"minecraft:iron_sword":1,"minecraft:spyglass":1,"mutantmonsters:hulk_hammer":1,"minecraft:crossbow":1,"minecraft:glow_berries":2,"minecraft:rotten_flesh":10,"minecraft:leather":6,"minecraft:apple":2,"gnumus:mouse_skin":8,"minecraft:diamond_sword":1,"minecraft:egg":1},"minecraft:picked_up":{"sophisticatedbackpacks:gold_backpack":1,"born_in_chaos_v1:corpse_maggot":4,"minecraft:wheat":34,"minecraft:feather":1,"minecraft:chicken":4,"minecraft:creeper_head":1,"gnumus:overripe_carrot":3,"minecraft:leather":6,"minecraft:diamond_sword":1,"minecraft:potato":24,"minecraft:flint":1,"minecraft:oak_log":17,"minecraft:shield":3,"gnumus:gnumus_pouch_2":1,"minecraft:iron_shovel":2,"minecraft:bone":2,"minecraft:beetroot":1,"minecraft:apple":4,"minecraft:wheat_seeds":78,"minecraft:red_sand":1,"minecraft:spruce_planks":6,"minecraft:beef":4,"minecraft:iron_ingot":1,"minecraft:iron_pickaxe":3,"minecraft:melon_slice":29,"minecraft:iron_sword":3,"minecraft:mangrove_log":2,"minecraft:egg":6,"minecraft:stick":4,"minecraft:sandstone":1,"minecraft:sweet_berries":19,"minecraft:torch":1,"minecraft:spyglass":2,"minecraft:sandstone_wall":2,"minecraft:sand":16,"minecraft:carrot":128,"minecraft:chiseled_sandstone":1,"mutantmonsters:hulk_hammer":2,"minecraft:arrow":1,"minecraft:rotten_flesh":20,"minecraft:beetroot_seeds":2,"gnumus:gnumus_clay":6,"minecraft:crossbow":2,"minecraft:iron_block":2,"minecraft:oak_sapling":6,"gnumus:mouse_skin":12,"minecraft:glow_berries":5}},"DataVersion":3465}