{"stats":{"minecraft:used":{"minecraft:wheat_seeds":40,"minecraft:iron_shovel":2,"minecraft:oak_planks":55,"minecraft:spruce_planks":1,"minecraft:shield":34,"minecraft:iron_sword":2,"minecraft:golden_apple":1,"minecraft:glow_berries":2,"minecraft:spyglass":5,"minecraft:crafting_table":1,"minecraft:carrot":81,"minecraft:crossbow":3,"gnumus:gnumus_pickaxe":4,"minecraft:honey_bottle":26,"minecraft:ender_eye":2,"minecraft:apple":1,"minecraft:iron_axe":1,"minecraft:iron_pickaxe":2,"minecraft:iron_helmet":1,"minecraft:diamond_sword":45,"minecraft:golden_carrot":7,"minecraft:sweet_berries":9,"mutantmonsters:hulk_hammer":229,"minecraft:beetroot_seeds":1,"minecraft:wither_rose":1,"minecraft:egg":5,"minecraft:potato":9,"farmersdelight:fried_egg":17},"minecraft:killed":{"enemyexpansion:scorpion":1,"enemyexpansion:sprinter":1,"boh:deer":1,"enemyexpansion:direwolf":1,"minecraft:phantom":2,"born_in_chaos_v1:maggot":2,"minecraft:skeleton":6,"minecraft:zombie":3,"minecraft:chicken":1,"born_in_chaos_v1:corpse_fly":1,"enemyexpansion:botfly":1,"mutantmonsters:mutant_zombie":1,"minecraft:cow":10},"minecraft:broken":{"minecraft:iron_helmet":1},"minecraft:mined":{"the_knocker:deadcow":5,"gravestone:gravestone":17,"minecraft:red_sand":2,"minecraft:melon":7,"minecraft:spawner":2,"minecraft:sandstone":1,"minecraft:carrots":36,"minecraft:sweet_berry_bush":7,"minecraft:wheat":31,"minecraft:potatoes":3,"minecraft:oak_log":17,"minecraft:netherrack":1,"minecraft:oak_leaves":4},"minecraft:killed_by":{"apollyon:the_damned":1,"mutantmonsters:mutant_zombie":1,"minecraft:player":4,"minecraft:skeleton":7,"minecraft:creeper":2,"minecraft:zombie":1},"minecraft:custom":{"minecraft:interact_with_smithing_table":1,"minecraft:mob_kills":34,"minecraft:interact_with_anvil":1,"minecraft:interact_with_crafting_table":4,"minecraft:open_barrel":37,"minecraft:interact_with_loom":1,"minecraft:damage_dealt_resisted":150,"minecraft:interact_with_grindstone":1,"minecraft:interact_with_stonecutter":1,"minecraft:time_since_death":228,"minecraft:sleep_in_bed":2,"minecraft:climb_one_cm":17638,"minecraft:time_since_rest":255,"minecraft:damage_absorbed":40,"minecraft:sprint_one_cm":186474,"minecraft:open_enderchest":1,"minecraft:damage_taken":7314,"minecraft:walk_one_cm":381438,"minecraft:damage_blocked_by_shield":2245,"minecraft:drop":47,"minecraft:damage_dealt":6504,"minecraft:swim_one_cm":2736,"minecraft:talked_to_villager":3,"minecraft:fly_one_cm":170062,"minecraft:open_chest":80,"minecraft:crouch_one_cm":7939,"minecraft:play_time":84900,"minecraft:deaths":17,"minecraft:sneak_time":2659,"minecraft:walk_under_water_one_cm":261,"minecraft:jump":1061,"minecraft:walk_on_water_one_cm":2139,"minecraft:interact_with_smoker":2,"minecraft:total_world_time":84900,"minecraft:fall_one_cm":45004},"minecraft:crafted":{"minecraft:golden_carrot":12,"minecraft:oak_planks":68,"minecraft:crafting_table":1,"minecraft:iron_helmet":1,"minecraft:bone_meal":9,"minecraft:flint_and_steel":1,"minecraft:iron_chestplate":1,"minecraft:gold_nugget":99,"minecraft:iron_ingot":18},"minecraft:dropped":{"minecraft:bricks":1,"minecraft:iron_sword":1,"minecraft:spyglass":1,"mutantmonsters:hulk_hammer":2,"minecraft:crossbow":1,"minecraft:beetroot":2,"minecraft:iron_helmet":1,"minecraft:glow_berries":2,"minecraft:rotten_flesh":10,"minecraft:iron_boots":1,"minecraft:leather":6,"minecraft:apple":2,"boh:venison":2,"minecraft:polished_andesite":5,"gnumus:mouse_skin":8,"minecraft:chainmail_chestplate":1,"minecraft:diamond_sword":1,"minecraft:golden_carrot":9,"minecraft:iron_chestplate":1,"gravestone:obituary":19,"minecraft:gold_nugget":3,"minecraft:sandstone":1,"minecraft:egg":1},"minecraft:picked_up":{"sophisticatedbackpacks:gold_backpack":1,"born_in_chaos_v1:corpse_maggot":7,"boh:venison":2,"minecraft:wheat":34,"minecraft:feather":1,"minecraft:golden_carrot":39,"minecraft:chicken":4,"minecraft:creeper_head":1,"gnumus:overripe_carrot":3,"minecraft:leather":8,"minecraft:diamond_sword":1,"minecraft:potato":24,"minecraft:wither_rose":1,"minecraft:flint":1,"minecraft:oak_log":17,"minecraft:chainmail_chestplate":2,"gravestone:obituary":8,"minecraft:shield":3,"gnumus:gnumus_pouch_2":1,"minecraft:iron_shovel":2,"minecraft:bone":35,"minecraft:beetroot":2,"minecraft:apple":4,"minecraft:wheat_seeds":78,"minecraft:red_sand":1,"minecraft:spruce_planks":20,"minecraft:beef":8,"minecraft:iron_ingot":1,"immersive_melodies:trumpet":1,"minecraft:iron_pickaxe":4,"minecraft:dark_oak_stairs":3,"minecraft:melon_slice":29,"minecraft:iron_boots":1,"minecraft:iron_sword":3,"minecraft:mangrove_log":2,"minecraft:egg":7,"minecraft:stick":4,"minecraft:sandstone":2,"minecraft:sweet_berries":19,"minecraft:torch":2,"minecraft:spruce_stairs":2,"minecraft:spyglass":2,"minecraft:sandstone_wall":2,"minecraft:sand":16,"minecraft:carrot":128,"minecraft:chiseled_sandstone":1,"minecraft:dark_oak_planks":4,"minecraft:polished_andesite":5,"mutantmonsters:hulk_hammer":3,"minecraft:arrow":16,"minecraft:rotten_flesh":23,"minecraft:beetroot_seeds":2,"gnumus:gnumus_clay":6,"minecraft:iron_helmet":1,"minecraft:crossbow":2,"minecraft:iron_block":2,"minecraft:netherrack":1,"minecraft:oak_sapling":6,"gnumus:mouse_skin":12,"minecraft:glow_berries":5,"minecraft:bricks":1}},"DataVersion":3465}