{"stats":{"minecraft:used":{"minecraft:wheat_seeds":40,"minecraft:iron_shovel":2,"minecraft:oak_planks":11,"minecraft:iron_sword":2,"minecraft:glow_berries":2,"minecraft:spyglass":5,"minecraft:carrot":71,"minecraft:crossbow":1,"gnumus:gnumus_pickaxe":1,"minecraft:apple":1,"minecraft:iron_axe":1,"minecraft:diamond_sword":45,"minecraft:golden_carrot":1,"minecraft:sweet_berries":9,"mutantmonsters:hulk_hammer":122,"minecraft:beetroot_seeds":1,"minecraft:wither_rose":1,"minecraft:egg":5,"minecraft:potato":9,"farmersdelight:fried_egg":17},"minecraft:killed":{"enemyexpansion:scorpion":1,"enemyexpansion:sprinter":1,"enemyexpansion:direwolf":1,"born_in_chaos_v1:maggot":1,"minecraft:skeleton":3,"minecraft:zombie":1,"minecraft:chicken":1,"born_in_chaos_v1:corpse_fly":1,"enemyexpansion:botfly":1,"mutantmonsters:mutant_zombie":1,"minecraft:cow":10},"minecraft:mined":{"the_knocker:deadcow":5,"gravestone:gravestone":4,"minecraft:red_sand":2,"minecraft:melon":7,"minecraft:sandstone":1,"minecraft:carrots":36,"minecraft:sweet_berry_bush":7,"minecraft:wheat":31,"minecraft:potatoes":3,"minecraft:oak_log":17,"minecraft:oak_leaves":4},"minecraft:killed_by":{"apollyon:the_damned":1,"mutantmonsters:mutant_zombie":1,"minecraft:player":1},"minecraft:custom":{"minecraft:interact_with_smithing_table":1,"minecraft:mob_kills":25,"minecraft:interact_with_anvil":1,"minecraft:interact_with_crafting_table":2,"minecraft:open_barrel":2,"minecraft:interact_with_loom":1,"minecraft:damage_dealt_resisted":150,"minecraft:interact_with_grindstone":1,"minecraft:interact_with_stonecutter":1,"minecraft:time_since_death":5177,"minecraft:sleep_in_bed":1,"minecraft:climb_one_cm":8659,"minecraft:time_since_rest":3929,"minecraft:sprint_one_cm":88475,"minecraft:open_enderchest":1,"minecraft:damage_taken":2454,"minecraft:walk_one_cm":230482,"minecraft:drop":16,"minecraft:damage_dealt":3607,"minecraft:talked_to_villager":3,"minecraft:fly_one_cm":121884,"minecraft:open_chest":71,"minecraft:crouch_one_cm":4061,"minecraft:play_time":48900,"minecraft:deaths":4,"minecraft:sneak_time":1395,"minecraft:jump":743,"minecraft:walk_on_water_one_cm":365,"minecraft:interact_with_smoker":2,"minecraft:total_world_time":48900,"minecraft:fall_one_cm":22988},"minecraft:crafted":{"minecraft:oak_planks":68,"minecraft:flint_and_steel":1,"minecraft:iron_chestplate":1,"minecraft:iron_ingot":18},"minecraft:dropped":{"minecraft:iron_sword":1,"minecraft:spyglass":1,"mutantmonsters:hulk_hammer":2,"minecraft:crossbow":1,"minecraft:glow_berries":2,"minecraft:rotten_flesh":10,"minecraft:leather":6,"minecraft:apple":2,"gnumus:mouse_skin":8,"minecraft:diamond_sword":1,"minecraft:sandstone":1,"minecraft:egg":1},"minecraft:picked_up":{"sophisticatedbackpacks:gold_backpack":1,"born_in_chaos_v1:corpse_maggot":6,"minecraft:wheat":34,"minecraft:feather":1,"minecraft:golden_carrot":6,"minecraft:chicken":4,"minecraft:creeper_head":1,"gnumus:overripe_carrot":3,"minecraft:leather":6,"minecraft:diamond_sword":1,"minecraft:potato":24,"minecraft:wither_rose":1,"minecraft:flint":1,"minecraft:oak_log":17,"minecraft:shield":3,"gnumus:gnumus_pouch_2":1,"minecraft:iron_shovel":2,"minecraft:bone":4,"minecraft:beetroot":1,"minecraft:apple":4,"minecraft:wheat_seeds":78,"minecraft:red_sand":1,"minecraft:spruce_planks":6,"minecraft:beef":8,"minecraft:iron_ingot":1,"minecraft:iron_pickaxe":3,"minecraft:melon_slice":29,"minecraft:iron_sword":3,"minecraft:mangrove_log":2,"minecraft:egg":7,"minecraft:stick":4,"minecraft:sandstone":2,"minecraft:sweet_berries":19,"minecraft:torch":1,"minecraft:spyglass":2,"minecraft:sandstone_wall":2,"minecraft:sand":16,"minecraft:carrot":128,"minecraft:chiseled_sandstone":1,"mutantmonsters:hulk_hammer":3,"minecraft:arrow":1,"minecraft:rotten_flesh":22,"minecraft:beetroot_seeds":2,"gnumus:gnumus_clay":6,"minecraft:crossbow":2,"minecraft:iron_block":2,"minecraft:oak_sapling":6,"gnumus:mouse_skin":12,"minecraft:glow_berries":5}},"DataVersion":3465}