{"stats":{"minecraft:used":{"minecraft:wheat_seeds":40,"minecraft:iron_shovel":2,"minecraft:oak_planks":22,"minecraft:shield":32,"minecraft:iron_sword":2,"minecraft:golden_apple":1,"minecraft:glow_berries":2,"minecraft:spyglass":5,"minecraft:crafting_table":1,"minecraft:carrot":81,"minecraft:crossbow":1,"gnumus:gnumus_pickaxe":1,"minecraft:honey_bottle":8,"minecraft:ender_eye":1,"minecraft:apple":1,"minecraft:iron_axe":1,"minecraft:iron_pickaxe":2,"minecraft:iron_helmet":1,"minecraft:diamond_sword":45,"minecraft:golden_carrot":5,"minecraft:sweet_berries":9,"mutantmonsters:hulk_hammer":192,"minecraft:beetroot_seeds":1,"minecraft:wither_rose":1,"minecraft:egg":5,"minecraft:potato":9,"farmersdelight:fried_egg":17},"minecraft:killed":{"enemyexpansion:scorpion":1,"enemyexpansion:sprinter":1,"enemyexpansion:direwolf":1,"minecraft:phantom":1,"born_in_chaos_v1:maggot":1,"minecraft:skeleton":5,"minecraft:zombie":1,"minecraft:chicken":1,"born_in_chaos_v1:corpse_fly":1,"enemyexpansion:botfly":1,"mutantmonsters:mutant_zombie":1,"minecraft:cow":10},"minecraft:broken":{"minecraft:iron_helmet":1},"minecraft:mined":{"the_knocker:deadcow":5,"gravestone:gravestone":14,"minecraft:red_sand":2,"minecraft:melon":7,"minecraft:sandstone":1,"minecraft:carrots":36,"minecraft:sweet_berry_bush":7,"minecraft:wheat":31,"minecraft:potatoes":3,"minecraft:oak_log":17,"minecraft:oak_leaves":4},"minecraft:killed_by":{"apollyon:the_damned":1,"mutantmonsters:mutant_zombie":1,"minecraft:player":3,"minecraft:skeleton":6,"minecraft:creeper":1},"minecraft:custom":{"minecraft:interact_with_smithing_table":1,"minecraft:mob_kills":28,"minecraft:interact_with_anvil":1,"minecraft:interact_with_crafting_table":4,"minecraft:open_barrel":33,"minecraft:interact_with_loom":1,"minecraft:damage_dealt_resisted":150,"minecraft:interact_with_grindstone":1,"minecraft:interact_with_stonecutter":1,"minecraft:time_since_death":1071,"minecraft:sleep_in_bed":2,"minecraft:climb_one_cm":16912,"minecraft:time_since_rest":1096,"minecraft:damage_absorbed":40,"minecraft:sprint_one_cm":152950,"minecraft:open_enderchest":1,"minecraft:damage_taken":5862,"minecraft:walk_one_cm":329062,"minecraft:damage_blocked_by_shield":1665,"minecraft:drop":33,"minecraft:damage_dealt":5581,"minecraft:talked_to_villager":3,"minecraft:fly_one_cm":144607,"minecraft:open_chest":78,"minecraft:crouch_one_cm":5990,"minecraft:play_time":72900,"minecraft:deaths":13,"minecraft:sneak_time":1870,"minecraft:walk_under_water_one_cm":93,"minecraft:jump":901,"minecraft:walk_on_water_one_cm":1605,"minecraft:interact_with_smoker":2,"minecraft:total_world_time":72900,"minecraft:fall_one_cm":34598},"minecraft:crafted":{"minecraft:golden_carrot":12,"minecraft:oak_planks":68,"minecraft:crafting_table":1,"minecraft:iron_helmet":1,"minecraft:bone_meal":9,"minecraft:flint_and_steel":1,"minecraft:iron_chestplate":1,"minecraft:gold_nugget":99,"minecraft:iron_ingot":18},"minecraft:dropped":{"minecraft:iron_sword":1,"minecraft:spyglass":1,"mutantmonsters:hulk_hammer":2,"minecraft:crossbow":1,"minecraft:beetroot":2,"minecraft:iron_helmet":1,"minecraft:glow_berries":2,"minecraft:rotten_flesh":10,"minecraft:iron_boots":1,"minecraft:leather":6,"minecraft:apple":2,"gnumus:mouse_skin":8,"minecraft:chainmail_chestplate":1,"minecraft:diamond_sword":1,"minecraft:golden_carrot":8,"minecraft:iron_chestplate":1,"gravestone:obituary":9,"minecraft:gold_nugget":3,"minecraft:sandstone":1,"minecraft:egg":1},"minecraft:picked_up":{"sophisticatedbackpacks:gold_backpack":1,"born_in_chaos_v1:corpse_maggot":6,"minecraft:wheat":34,"minecraft:feather":1,"minecraft:golden_carrot":39,"minecraft:chicken":4,"minecraft:creeper_head":1,"gnumus:overripe_carrot":3,"minecraft:leather":6,"minecraft:diamond_sword":1,"minecraft:potato":24,"minecraft:wither_rose":1,"minecraft:flint":1,"minecraft:oak_log":17,"minecraft:chainmail_chestplate":2,"gravestone:obituary":3,"minecraft:shield":3,"gnumus:gnumus_pouch_2":1,"minecraft:iron_shovel":2,"minecraft:bone":23,"minecraft:beetroot":2,"minecraft:apple":4,"minecraft:wheat_seeds":78,"minecraft:red_sand":1,"minecraft:spruce_planks":9,"minecraft:beef":8,"minecraft:iron_ingot":1,"minecraft:iron_pickaxe":4,"minecraft:melon_slice":29,"minecraft:iron_boots":1,"minecraft:iron_sword":3,"minecraft:mangrove_log":2,"minecraft:egg":7,"minecraft:stick":4,"minecraft:sandstone":2,"minecraft:sweet_berries":19,"minecraft:torch":2,"minecraft:spruce_stairs":2,"minecraft:spyglass":2,"minecraft:sandstone_wall":2,"minecraft:sand":16,"minecraft:carrot":128,"minecraft:chiseled_sandstone":1,"mutantmonsters:hulk_hammer":3,"minecraft:arrow":9,"minecraft:rotten_flesh":22,"minecraft:beetroot_seeds":2,"gnumus:gnumus_clay":6,"minecraft:iron_helmet":1,"minecraft:crossbow":2,"minecraft:iron_block":2,"minecraft:oak_sapling":6,"gnumus:mouse_skin":12,"minecraft:glow_berries":5}},"DataVersion":3465}