{"stats":{"minecraft:used":{"minecraft:apple":1,"minecraft:iron_shovel":1,"minecraft:iron_sword":2,"minecraft:spyglass":5,"minecraft:crossbow":1,"minecraft:egg":4,"farmersdelight:fried_egg":5},"minecraft:killed":{"minecraft:chicken":1,"minecraft:cow":1},"minecraft:mined":{"the_knocker:deadcow":1,"minecraft:oak_log":17,"minecraft:oak_leaves":4},"minecraft:custom":{"minecraft:time_since_rest":12900,"minecraft:walk_one_cm":38976,"minecraft:sprint_one_cm":7714,"minecraft:damage_taken":240,"minecraft:interact_with_anvil":1,"minecraft:mob_kills":3,"minecraft:drop":6,"minecraft:damage_dealt":151,"minecraft:talked_to_villager":3,"minecraft:fly_one_cm":9508,"minecraft:open_chest":32,"minecraft:crouch_one_cm":799,"minecraft:interact_with_loom":1,"minecraft:play_time":12900,"minecraft:sneak_time":239,"minecraft:jump":113,"minecraft:interact_with_grindstone":1,"minecraft:interact_with_stonecutter":1,"minecraft:time_since_death":12900,"minecraft:climb_one_cm":1952,"minecraft:total_world_time":12900,"minecraft:interact_with_smoker":1,"minecraft:fall_one_cm":2391},"minecraft:dropped":{"minecraft:diamond_sword":1,"minecraft:iron_sword":1,"minecraft:spyglass":1,"minecraft:crossbow":1,"minecraft:apple":2},"minecraft:picked_up":{"sophisticatedbackpacks:gold_backpack":1,"minecraft:stick":4,"minecraft:feather":1,"minecraft:chicken":1,"minecraft:leather":2,"minecraft:diamond_sword":1,"minecraft:spyglass":2,"minecraft:sand":15,"minecraft:oak_log":17,"minecraft:shield":1,"minecraft:iron_shovel":2,"minecraft:rotten_flesh":3,"minecraft:apple":4,"minecraft:crossbow":2,"minecraft:beef":1,"minecraft:iron_pickaxe":3,"minecraft:oak_sapling":6,"minecraft:iron_sword":3,"minecraft:egg":4}},"DataVersion":3465}