{"stats":{"minecraft:used":{"minecraft:apple":1,"minecraft:iron_shovel":2,"minecraft:iron_sword":2,"minecraft:diamond_sword":45,"minecraft:spyglass":5,"mutantmonsters:hulk_hammer":5,"minecraft:crossbow":1,"minecraft:egg":4,"farmersdelight:fried_egg":15},"minecraft:killed":{"minecraft:skeleton":1,"enemyexpansion:scorpion":1,"minecraft:zombie":1,"minecraft:chicken":1,"born_in_chaos_v1:corpse_fly":1,"enemyexpansion:botfly":1,"mutantmonsters:mutant_zombie":1,"minecraft:cow":5,"born_in_chaos_v1:maggot":1},"minecraft:mined":{"the_knocker:deadcow":3,"gravestone:gravestone":2,"minecraft:oak_log":17,"minecraft:oak_leaves":4},"minecraft:killed_by":{"mutantmonsters:mutant_zombie":1},"minecraft:custom":{"minecraft:time_since_rest":3873,"minecraft:walk_one_cm":97181,"minecraft:sprint_one_cm":34341,"minecraft:damage_taken":1251,"minecraft:interact_with_anvil":1,"minecraft:mob_kills":14,"minecraft:drop":7,"minecraft:damage_dealt":2593,"minecraft:talked_to_villager":3,"minecraft:fly_one_cm":38963,"minecraft:open_chest":57,"minecraft:crouch_one_cm":1470,"minecraft:interact_with_loom":1,"minecraft:play_time":24900,"minecraft:deaths":2,"minecraft:sneak_time":427,"minecraft:damage_dealt_resisted":132,"minecraft:jump":306,"minecraft:interact_with_grindstone":1,"minecraft:interact_with_stonecutter":1,"minecraft:time_since_death":3849,"minecraft:climb_one_cm":2467,"minecraft:total_world_time":24900,"minecraft:interact_with_smoker":1,"minecraft:fall_one_cm":11378},"minecraft:dropped":{"minecraft:diamond_sword":1,"minecraft:iron_sword":1,"mutantmonsters:hulk_hammer":1,"minecraft:spyglass":1,"minecraft:crossbow":1,"minecraft:apple":2},"minecraft:picked_up":{"sophisticatedbackpacks:gold_backpack":1,"born_in_chaos_v1:corpse_maggot":4,"minecraft:stick":4,"minecraft:sandstone":1,"minecraft:feather":1,"minecraft:chicken":1,"minecraft:leather":6,"minecraft:diamond_sword":1,"minecraft:spyglass":2,"minecraft:sandstone_wall":2,"minecraft:sand":16,"minecraft:oak_log":17,"minecraft:carrot":1,"minecraft:shield":1,"minecraft:chiseled_sandstone":1,"mutantmonsters:hulk_hammer":1,"minecraft:arrow":1,"minecraft:iron_shovel":2,"minecraft:rotten_flesh":10,"minecraft:apple":4,"minecraft:iron_ingot":1,"minecraft:crossbow":2,"minecraft:beef":4,"minecraft:iron_pickaxe":3,"minecraft:oak_sapling":6,"minecraft:mangrove_log":2,"minecraft:iron_sword":3,"minecraft:egg":4}},"DataVersion":3465}