{"stats":{"minecraft:used":{"minecraft:iron_shovel":2,"minecraft:spruce_planks":10,"minecraft:shield":34,"minecraft:iron_sword":2,"minecraft:rotten_flesh":3,"minecraft:spyglass":5,"minecraft:carrot":81,"minecraft:honey_bottle":44,"born_in_chaos_v1:corpse_maggot":4,"minecraft:iron_axe":1,"minecraft:iron_helmet":1,"minecraft:golden_carrot":10,"minecraft:sweet_berries":9,"mutantmonsters:hulk_hammer":324,"minecraft:beetroot_seeds":1,"minecraft:egg":5,"minecraft:potato":9,"farmersdelight:fried_egg":17,"minecraft:wheat_seeds":40,"minecraft:oak_planks":55,"minecraft:golden_apple":1,"minecraft:glow_berries":2,"minecraft:crafting_table":1,"minecraft:crossbow":3,"gnumus:gnumus_pickaxe":4,"minecraft:ender_eye":2,"minecraft:apple":1,"minecraft:bread":1,"minecraft:iron_pickaxe":2,"minecraft:diamond_sword":45,"minecraft:wither_rose":1},"minecraft:killed":{"enemyexpansion:direwolf":1,"born_in_chaos_v1:maggot":5,"minecraft:phantom":2,"minecraft:skeleton":6,"minecraft:chicken":1,"enemyexpansion:scorpion":1,"enemyexpansion:sprinter":1,"boh:deer":1,"minecraft:zombie":16,"born_in_chaos_v1:corpse_fly":1,"enemyexpansion:botfly":10,"mutantmonsters:mutant_zombie":1,"minecraft:cow":10},"minecraft:broken":{"minecraft:iron_helmet":1},"minecraft:mined":{"the_knocker:deadcow":5,"gravestone:gravestone":19,"minecraft:red_sand":2,"minecraft:sandstone":1,"minecraft:spawner":2,"minecraft:carrots":36,"minecraft:potatoes":3,"minecraft:melon":7,"minecraft:wheat":31,"minecraft:sweet_berry_bush":7,"minecraft:oak_log":17,"minecraft:netherrack":1,"minecraft:oak_leaves":4},"minecraft:killed_by":{"mutantmonsters:mutant_zombie":1,"minecraft:player":4,"minecraft:creeper":2,"apollyon:the_damned":1,"minecraft:skeleton":7,"minecraft:zombie":2},"minecraft:custom":{"minecraft:interact_with_smithing_table":1,"minecraft:interact_with_anvil":1,"minecraft:mob_kills":60,"minecraft:interact_with_crafting_table":4,"minecraft:open_barrel":37,"minecraft:damage_dealt_resisted":168,"minecraft:leave_game":1,"minecraft:time_since_death":3680,"minecraft:climb_one_cm":17813,"minecraft:sprint_one_cm":225260,"minecraft:walk_one_cm":451569,"minecraft:damage_blocked_by_shield":2245,"minecraft:drop":53,"minecraft:talked_to_villager":3,"minecraft:play_time":96902,"minecraft:deaths":19,"minecraft:sneak_time":3211,"minecraft:walk_under_water_one_cm":261,"minecraft:jump":1224,"minecraft:walk_on_water_one_cm":2416,"minecraft:total_world_time":96902,"minecraft:interact_with_loom":1,"minecraft:interact_with_grindstone":1,"minecraft:interact_with_stonecutter":1,"minecraft:sleep_in_bed":2,"minecraft:time_since_rest":3706,"minecraft:damage_taken":8402,"minecraft:open_enderchest":1,"minecraft:damage_absorbed":40,"minecraft:damage_dealt":8740,"minecraft:swim_one_cm":2736,"minecraft:fly_one_cm":207430,"minecraft:open_chest":85,"minecraft:crouch_one_cm":10204,"minecraft:interact_with_smoker":2,"minecraft:fall_one_cm":47618},"minecraft:crafted":{"minecraft:golden_carrot":12,"minecraft:oak_planks":68,"minecraft:bone_meal":9,"minecraft:flint_and_steel":1,"minecraft:crafting_table":1,"minecraft:iron_helmet":1,"minecraft:iron_chestplate":1,"minecraft:gold_nugget":99,"minecraft:iron_ingot":18},"minecraft:dropped":{"minecraft:iron_sword":1,"minecraft:glass_bottle":1,"minecraft:crossbow":1,"minecraft:iron_helmet":1,"minecraft:glow_berries":2,"minecraft:leather":6,"minecraft:apple":2,"gnumus:mouse_skin":8,"minecraft:polished_andesite":5,"minecraft:golden_carrot":9,"gravestone:obituary":22,"minecraft:gold_nugget":3,"minecraft:bricks":1,"minecraft:spyglass":1,"mutantmonsters:hulk_hammer":2,"minecraft:beetroot":2,"minecraft:rotten_flesh":27,"minecraft:iron_boots":1,"boh:venison":2,"minecraft:chainmail_chestplate":1,"minecraft:diamond_sword":1,"minecraft:iron_chestplate":1,"minecraft:sandstone":1,"minecraft:egg":1},"minecraft:picked_up":{"sophisticatedbackpacks:gold_backpack":1,"minecraft:wheat":34,"minecraft:chicken":4,"boh:venison":2,"minecraft:creeper_head":1,"minecraft:diamond_sword":1,"minecraft:wither_rose":1,"gravestone:obituary":8,"minecraft:shield":3,"minecraft:iron_shovel":2,"minecraft:beetroot":2,"minecraft:red_sand":1,"minecraft:spruce_planks":20,"minecraft:beef":8,"minecraft:white_tulip":1,"immersive_melodies:trumpet":1,"minecraft:iron_pickaxe":4,"minecraft:melon_slice":29,"minecraft:egg":7,"minecraft:mangrove_log":2,"minecraft:iron_boots":1,"minecraft:stick":4,"minecraft:sandstone":2,"minecraft:torch":2,"minecraft:spruce_stairs":2,"minecraft:sandstone_wall":2,"minecraft:carrot":129,"minecraft:dark_oak_planks":4,"mutantmonsters:hulk_hammer":3,"minecraft:arrow":16,"minecraft:rotten_flesh":75,"minecraft:beetroot_seeds":2,"minecraft:iron_block":2,"gnumus:mouse_skin":12,"minecraft:glow_berries":5,"minecraft:cobblestone":26,"born_in_chaos_v1:corpse_maggot":10,"minecraft:feather":1,"minecraft:golden_carrot":39,"gnumus:overripe_carrot":3,"minecraft:leather":8,"minecraft:potato":24,"minecraft:flint":1,"minecraft:oak_log":17,"minecraft:chainmail_chestplate":2,"gnumus:gnumus_pouch_2":1,"minecraft:bone":36,"minecraft:apple":4,"minecraft:wheat_seeds":78,"minecraft:iron_ingot":1,"arphex:burning_glands":1,"minecraft:iron_sword":3,"minecraft:dark_oak_stairs":3,"minecraft:sweet_berries":19,"minecraft:spyglass":2,"minecraft:sand":18,"minecraft:chiseled_sandstone":1,"minecraft:mossy_cobblestone":3,"minecraft:polished_andesite":6,"gnumus:gnumus_clay":6,"minecraft:iron_helmet":1,"minecraft:crossbow":2,"minecraft:bread":5,"minecraft:oak_sapling":6,"minecraft:netherrack":1,"minecraft:bricks":1}},"DataVersion":3465}